Time,Solar Rad,Air Temp,Precpt,Wind Speed,Water Temp,Turbidity,DO,TN,TP,Chl-a,CyanHAB,Lake
May-16,552,13.10,38.61,2.29,13.02,4.00,7.85,0.457,0.016,5.841,714.142,Champlain
Jun-16,616,18.19,84.33,2.46,17.40,4.40,7.81,0.415,0.019,6.338,170.328,Champlain
Jul-16,591,21.35,88.14,2.12,21.71,6.90,7.15,0.339,0.020,4.573,162.109,Champlain
Aug-16,515,21.75,75.69,2.15,23.35,4.50,5.94,0.366,0.023,5.281,31249.203,Champlain
Sep-16,472,17.25,43.94,2.16,20.03,3.90,5.19,0.456,0.029,12.021,105429.153,Champlain
Oct-16,238,9.28,78.74,2.51,15.93,3.30,4.75,0.430,0.016,3.065,14348.359,Champlain
Nov-16,159,3.66,31.24,2.48,10.32,6.53,6.26,0.472,0.020,6.311,2010.309,Champlain
Dec-16,108,-3.85,30.48,2.91,2.59,6.19,6.22,0.502,0.019,6.276,6134.153,Champlain
Jan-17,145,-3.71,37.85,3.01,1.60,6.26,6.26,0.499,0.019,6.040,2931.393,Champlain
Feb-17,221,-3.66,42.93,3.32,-1.05,6.17,6.26,0.505,0.019,5.966,3836.545,Champlain
Mar-17,350,-3.99,23.11,3.73,-5.37,6.03,6.25,0.529,0.018,5.890,4897.866,Champlain
Apr-17,412,7.68,74.42,2.97,7.44,6.53,6.28,0.455,0.019,6.043,1179.421,Champlain
May-17,449,12.13,100.33,2.63,12.40,5.30,6.29,0.418,0.017,5.548,464.462,Champlain
Jun-17,525,17.73,154.18,2.39,15.86,5.80,6.29,0.344,0.019,6.309,53.465,Champlain
Jul-17,554,20.17,85.09,1.99,20.38,6.00,6.27,0.433,0.023,8.613,17.309,Champlain
Aug-17,532,19.16,52.58,2.08,22.28,5.80,5.27,0.415,0.021,9.802,845.166,Champlain
Sep-17,429,17.54,62.48,1.85,19.79,5.20,5.58,0.498,0.023,9.059,18988.950,Champlain
Oct-17,281,12.76,84.07,2.80,16.61,4.60,6.22,0.429,0.027,3.957,3980.169,Champlain
Nov-17,151,1.41,29.97,2.91,6.38,6.38,6.26,0.486,0.019,6.173,2632.917,Champlain
Dec-17,120,-7.13,11.18,2.49,1.63,6.26,6.25,0.517,0.019,6.221,3610.419,Champlain
Jan-18,151,-8.86,39.12,3.29,-4.32,6.15,6.29,0.519,0.018,5.728,948.995,Champlain
Feb-18,193,-2.75,27.69,3.41,-0.31,6.18,6.26,0.510,0.019,5.941,2924.322,Champlain
Mar-18,329,-1.64,28.96,3.22,-0.51,6.21,6.26,0.510,0.019,6.019,3644.894,Champlain
Apr-18,384,3.61,107.95,3.08,3.92,6.34,6.24,0.450,0.020,6.107,5255.646,Champlain
May-18,587,15.75,34.80,2.65,11.08,7.10,6.28,0.458,0.020,6.289,507.249,Champlain
Jun-18,606,18.28,124.97,2.40,16.33,7.60,6.29,0.416,0.019,4.604,390.086,Champlain
Jul-18,642,23.53,48.77,2.19,22.61,7.80,6.27,0.424,0.022,3.739,389.761,Champlain
Aug-18,483,22.63,53.34,2.02,23.92,7.60,5.40,0.384,0.026,6.981,10685.504,Champlain
Sep-18,401,18.30,70.61,2.14,20.31,5.79,5.22,0.452,0.031,8.735,39071.551,Champlain
Oct-18,207,8.00,62.74,2.47,15.13,6.40,6.23,0.437,0.021,7.857,3979.475,Champlain
Nov-18,130,-0.63,112.01,2.46,7.31,6.40,6.23,0.440,0.020,6.296,5559.326,Champlain
Dec-18,124,-4.81,30.73,2.59,3.07,6.30,6.25,0.500,0.019,6.192,3407.563,Champlain
Jan-19,139,-10.05,48.26,3.30,-5.12,5.99,6.23,0.519,0.019,5.994,6280.604,Champlain
Feb-19,240,-6.95,35.56,3.61,-5.46,5.71,6.13,0.528,0.020,6.524,16197.408,Champlain
Mar-19,353,-1.39,19.30,3.41,-1.49,5.92,6.16,0.521,0.019,6.528,13264.174,Champlain
Apr-19,412,6.52,61.98,3.30,4.85,6.32,6.24,0.471,0.019,6.181,5385.987,Champlain
May-19,446,11.92,92.96,2.39,10.94,7.90,6.28,0.418,0.023,2.785,563.971,Champlain
Jun-19,586,18.20,79.25,2.30,16.80,8.30,6.27,0.468,0.019,9.337,107.165,Champlain
Jul-19,616,23.56,50.55,1.92,22.83,8.40,6.25,0.404,0.021,6.526,1698.175,Champlain
Aug-19,551,20.80,78.49,2.03,22.88,8.20,6.04,0.382,0.025,7.701,21784.019,Champlain
Sep-19,412,16.22,71.37,2.28,17.96,7.60,6.53,0.401,0.022,9.328,4354.994,Champlain
Oct-19,253,10.25,116.84,2.40,15.42,7.10,6.25,0.366,0.021,4.990,3169.455,Champlain
Nov-19,159,-1.22,58.93,2.70,5.08,6.38,6.26,0.476,0.019,6.130,2657.351,Champlain
Dec-19,122,-4.13,32.26,2.68,3.24,6.30,6.25,0.498,0.019,6.177,3411.593,Champlain
Jan-20,132,-5.15,60.71,2.83,1.49,6.27,6.26,0.488,0.019,6.040,3140.853,Champlain
Feb-20,208,-5.64,39.12,3.03,-1.12,6.20,6.26,0.508,0.019,5.984,3140.416,Champlain
Mar-20,349,1.56,38.10,3.53,0.42,6.17,6.24,0.500,0.019,6.068,5374.604,Champlain
Apr-20,446,4.77,37.59,3.16,3.49,6.31,6.24,0.490,0.019,6.195,4944.969,Champlain
May-20,605,12.87,33.02,2.64,9.16,6.83,6.26,0.463,0.017,7.420,3044.451,Champlain
Jun-20,594,20.12,68.07,2.16,16.40,9.00,6.30,0.387,0.016,5.709,130.524,Champlain
Jul-20,604,24.02,102.11,2.13,23.30,9.10,6.27,0.383,0.018,7.234,581.493,Champlain
Aug-20,520,21.25,103.12,2.06,22.67,8.90,6.14,0.425,0.024,12.289,11193.466,Champlain
Sep-20,395,16.55,53.09,2.41,18.34,6.28,6.04,0.426,0.023,11.644,21691.276,Champlain
Oct-20,238,9.33,43.18,2.52,13.34,7.80,6.23,0.462,0.021,5.581,3993.684,Champlain
Nov-20,153,4.46,8.89,2.88,9.09,6.45,6.26,0.488,0.019,6.242,1920.352,Champlain
Dec-20,102,-1.76,37.59,3.02,3.89,6.29,6.25,0.491,0.019,6.095,2987.194,Champlain
Jan-21,144,-8.38,33.02,2.48,0.26,6.24,6.25,0.510,0.019,6.170,3918.773,Champlain
Feb-21,228,-8.94,16.00,2.70,-2.62,6.16,6.25,0.529,0.019,6.122,4390.514,Champlain
Mar-21,395,-0.74,7.62,3.94,-4.28,5.91,6.21,0.534,0.019,6.173,9540.442,Champlain
Apr-21,450,7.00,43.43,2.73,7.44,6.54,6.27,0.473,0.019,6.168,1577.212,Champlain
May-21,542,13.25,35.31,2.36,13.06,6.70,6.28,0.498,0.015,4.645,1026.548,Champlain
Jun-21,587,20.16,46.74,2.38,16.98,7.10,6.30,0.434,0.015,3.889,146.558,Champlain
Jul-21,465,19.70,89.41,2.02,23.00,7.30,6.27,0.372,0.020,6.199,1066.047,Champlain
Aug-21,488,22.14,62.99,2.02,22.94,7.10,5.96,0.405,0.022,8.132,30579.433,Champlain
Sep-21,377,16.87,82.04,2.43,20.02,6.50,6.01,0.441,0.025,11.548,23433.735,Champlain
Oct-21,229,11.78,104.39,2.08,16.68,6.10,6.24,0.432,0.023,6.464,2713.177,Champlain
Nov-21,173,1.76,58.93,2.43,8.76,6.48,6.25,0.463,0.020,6.305,3260.405,Champlain
Dec-21,121,-3.08,24.38,2.73,3.94,6.22,6.21,0.501,0.020,6.385,6681.491,Champlain
Jan-17,141,5.32,131.84,2.40,23.08,50.00,12.37,0.640,0.010,1.375,49756.303,Clear
Feb-17,132,7.62,200.39,2.85,18.49,50.00,11.87,0.620,0.009,1.868,46917.138,Clear
Mar-17,206,10.16,232.03,2.80,18.30,50.00,8.77,0.680,0.011,7.056,100677.939,Clear
Apr-17,226,10.53,116.02,2.51,19.22,50.00,8.30,0.740,0.013,6.767,155364.966,Clear
May-17,376,16.10,52.73,2.10,20.25,34.91,8.24,0.820,0.015,10.427,210051.993,Clear
Jun-17,402,21.50,31.64,2.23,24.93,8.45,5.72,0.940,0.017,5.345,880607.552,Clear
Jul-17,462,25.68,0.00,1.73,25.37,7.32,15.51,1.020,0.018,5.679,2519175.868,Clear
Aug-17,356,26.25,0.00,1.66,26.56,11.49,9.52,1.120,0.019,6.340,1000390.472,Clear
Sep-17,276,21.93,63.28,1.87,32.24,42.61,9.12,1.020,0.018,2.251,267392.474,Clear
Oct-17,292,16.91,121.29,2.57,33.37,50.00,10.60,0.900,0.016,0.873,344527.712,Clear
Nov-17,145,9.79,200.39,2.61,31.31,50.00,10.01,0.820,0.015,0.874,291457.137,Clear
Dec-17,194,8.02,94.92,2.49,28.98,50.00,10.00,0.740,0.013,3.370,177346.705,Clear
Jan-18,102,8.35,163.48,2.56,22.75,50.00,12.12,0.660,0.011,0.946,73226.461,Clear
Feb-18,281,8.32,89.65,2.64,18.36,50.00,12.40,0.640,0.010,2.131,167199.709,Clear
Mar-18,197,8.75,84.38,2.09,16.87,50.00,9.87,0.700,0.012,2.459,82652.728,Clear
Apr-18,257,11.85,126.56,2.55,14.75,50.00,10.50,0.760,0.014,5.250,65154.613,Clear
May-18,360,16.54,15.82,1.83,18.17,17.72,8.49,0.840,0.016,4.758,194755.886,Clear
Jun-18,450,21.77,31.64,2.02,22.03,7.44,2.82,0.960,0.018,11.201,396426.537,Clear
Jul-18,390,26.59,0.00,1.95,24.47,8.13,6.85,1.040,0.019,8.343,528804.821,Clear
Aug-18,269,23.27,0.00,1.84,26.04,12.55,8.78,1.140,0.020,17.457,224531.038,Clear
Sep-18,357,20.87,0.00,1.80,30.63,9.14,11.39,1.040,0.019,2.392,183004.326,Clear
Oct-18,287,16.79,73.83,2.08,30.88,50.00,10.52,0.920,0.017,4.719,123748.723,Clear
Nov-18,184,12.26,110.74,2.34,29.75,50.00,13.09,0.840,0.016,0.593,63662.456,Clear
Dec-18,152,7.22,189.84,2.51,30.24,50.00,8.37,0.760,0.014,1.680,114116.354,Clear
Jan-19,130,8.28,94.92,2.38,23.08,50.00,12.12,0.680,0.012,3.043,50755.458,Clear
Feb-19,136,5.10,168.75,2.45,17.49,50.00,10.98,0.660,0.011,1.492,70357.567,Clear
Mar-19,190,8.64,31.64,2.05,14.31,23.81,10.01,0.720,0.013,0.500,81564.409,Clear
Apr-19,267,13.68,152.93,2.35,17.76,50.00,8.95,0.780,0.015,4.454,38517.269,Clear
May-19,305,14.23,47.46,1.95,20.08,45.75,5.48,0.860,0.017,15.291,45150.541,Clear
Jun-19,443,21.59,15.82,2.12,23.91,7.00,0.85,0.980,0.019,1.998,91247.992,Clear
Jul-19,440,24.00,0.00,1.89,23.75,11.71,7.38,1.060,0.020,9.990,435905.529,Clear
Aug-19,401,25.04,15.82,1.78,27.74,16.27,8.81,1.160,0.021,10.159,299671.160,Clear
Sep-19,371,20.86,79.10,1.82,29.27,50.00,11.23,1.060,0.020,6.159,1155987.995,Clear
Oct-19,320,15.91,63.28,2.38,31.99,50.00,10.05,0.940,0.018,1.082,379856.451,Clear
Nov-19,242,12.85,31.64,2.19,30.93,23.17,10.33,0.860,0.017,1.046,117619.417,Clear
Dec-19,96,7.43,79.10,1.95,30.85,50.00,10.96,0.780,0.015,1.074,103762.668,Clear
Jan-20,149,7.32,232.03,3.08,23.05,50.00,12.23,0.700,0.013,2.720,117083.046,Clear
Feb-20,310,9.39,84.38,2.58,18.03,50.00,11.20,0.680,0.012,3.662,71974.928,Clear
Mar-20,234,8.80,84.38,2.22,17.77,50.00,9.20,0.740,0.014,6.846,119761.082,Clear
Apr-20,313,13.61,52.73,2.23,16.71,50.00,9.60,0.800,0.016,5.869,212380.445,Clear
May-20,317,17.01,116.02,2.22,21.24,50.00,7.88,0.880,0.018,11.883,156673.803,Clear
Jun-20,428,22.33,63.28,2.26,20.85,50.00,8.69,1.000,0.020,10.073,727471.199,Clear
Jul-20,466,24.92,0.00,1.91,23.42,11.66,6.81,1.080,0.021,10.992,762941.311,Clear
Aug-20,308,25.92,0.00,1.87,27.28,9.69,7.98,1.180,0.022,7.968,472562.735,Clear
Sep-20,246,23.42,36.91,2.07,30.57,23.55,9.07,1.080,0.021,5.282,714142.138,Clear
Oct-20,318,20.13,58.01,2.30,31.77,50.00,8.89,0.960,0.019,2.423,717924.036,Clear
Nov-20,255,10.22,189.84,2.48,31.82,50.00,11.74,0.880,0.018,0.640,289884.678,Clear
Dec-20,211,7.93,142.38,2.57,27.70,50.00,11.69,0.800,0.016,2.323,159490.295,Clear
Jan-21,145,8.04,110.74,2.27,21.11,50.00,11.25,0.720,0.014,2.147,85328.826,Clear
Feb-21,240,8.68,152.93,2.90,18.17,50.00,10.51,0.700,0.013,3.921,351834.133,Clear
Mar-21,285,8.75,42.19,2.19,15.82,38.88,8.42,0.760,0.015,3.872,106476.318,Clear
Apr-21,377,14.60,13.10,2.34,20.64,21.25,8.04,0.820,0.017,10.713,259453.696,Clear
May-21,431,19.16,41.80,2.16,22.23,30.12,7.30,0.900,0.019,21.515,387500.437,Clear
Jun-21,471,24.16,29.08,2.00,24.22,8.36,8.08,1.020,0.021,5.171,742022.006,Clear
Jul-21,431,27.72,2.25,1.84,25.24,8.13,7.66,1.100,0.022,5.856,803197.137,Clear
Aug-21,328,26.17,2.18,1.98,24.28,11.86,7.40,1.200,0.023,14.327,1126021.013,Clear
Sep-21,344,22.68,69.40,2.07,30.15,50.00,9.32,1.100,0.022,4.561,1779037.446,Clear
Oct-21,237,15.13,84.97,2.39,32.02,50.00,11.16,0.980,0.020,1.691,1459843.833,Clear
Nov-21,204,11.41,142.13,2.57,30.90,50.00,13.57,0.900,0.019,1.345,854169.115,Clear
Dec-21,139,6.87,194.91,2.62,28.91,50.00,11.64,0.820,0.017,1.587,475209.287,Clear
May-16,260,12.08,50.28,2.87,20.35,2.11,7.70,1.541,0.042,4.659,272.658,Erie
Jun-16,313,18.73,46.80,3.34,22.88,6.59,7.24,1.057,0.091,10.354,16420.339,Erie
Jul-16,283,22.92,79.66,3.28,24.80,6.48,7.37,1.473,0.071,14.765,15435.566,Erie
Aug-16,285,24.25,92.87,3.65,25.87,15.19,7.13,0.959,0.098,32.239,41274.405,Erie
Sep-16,246,21.06,109.87,4.35,22.50,15.95,7.21,0.164,0.077,22.786,23321.713,Erie
Oct-16,166,14.61,97.53,5.11,17.45,14.07,7.97,0.389,0.064,39.570,23855.193,Erie
Nov-16,129,9.37,50.62,5.90,10.23,12.44,8.88,1.055,0.069,14.805,8108.710,Erie
Dec-16,46,1.25,76.02,7.32,2.16,19.90,9.94,1.169,0.087,9.374,122.698,Erie
Jan-17,70,-0.40,94.81,5.23,4.90,36.55,9.75,1.752,0.123,6.907,41.965,Erie
Feb-17,150,0.74,54.32,4.99,5.78,29.06,9.69,1.569,0.103,9.349,26.016,Erie
Mar-17,155,0.61,97.82,5.03,2.97,28.10,10.86,2.549,0.104,7.048,64.844,Erie
Apr-17,188,7.46,117.16,3.63,13.00,47.22,8.87,2.945,0.160,6.236,136.721,Erie
May-17,217,11.16,134.58,3.76,15.52,70.11,7.50,2.710,0.223,7.716,12032.668,Erie
Jun-17,278,18.23,84.29,3.85,21.49,7.08,6.27,1.875,0.058,7.654,23506.493,Erie
Jul-17,248,21.68,70.57,3.47,24.41,17.61,6.01,2.619,0.102,13.065,15788.041,Erie
Aug-17,236,21.27,65.95,3.83,23.73,14.20,7.08,0.786,0.056,39.398,78020.769,Erie
Sep-17,232,19.11,42.39,3.84,20.90,25.14,7.43,0.480,0.056,38.630,84304.811,Erie
Oct-17,143,15.50,99.02,5.47,18.67,17.65,7.03,0.230,0.053,30.650,40847.813,Erie
Nov-17,90,6.88,126.97,6.24,8.63,27.82,9.13,1.422,0.101,10.535,2539.491,Erie
Dec-17,69,0.21,60.81,6.42,2.87,23.22,9.92,1.327,0.095,8.942,45.172,Erie
Jan-18,70,-3.79,63.05,6.00,0.85,31.19,10.28,1.553,0.111,7.015,3.588,Erie
Feb-18,62,-1.09,91.41,4.53,5.57,40.40,9.70,1.915,0.133,6.041,33.641,Erie
Mar-18,190,-0.44,73.45,5.08,5.10,34.00,9.86,1.654,0.109,9.095,38.041,Erie
Apr-18,176,3.52,95.20,4.32,9.36,36.55,9.27,1.794,0.117,9.253,58.543,Erie
May-18,221,13.47,112.34,2.86,17.55,46.03,8.28,1.896,0.098,14.184,2195.627,Erie
Jun-18,213,18.96,98.02,3.48,21.35,37.27,6.92,2.380,0.102,18.730,26494.967,Erie
Jul-18,280,23.55,74.37,3.27,24.77,6.86,6.97,1.465,0.040,15.507,40888.807,Erie
Aug-18,194,23.88,100.87,3.95,25.02,9.89,7.41,0.405,0.042,21.657,53570.243,Erie
Sep-18,176,21.08,91.54,4.15,22.55,22.68,6.95,0.253,0.065,19.313,23010.463,Erie
Oct-18,97,13.56,114.73,5.71,18.18,10.90,6.89,0.386,0.054,11.580,19406.387,Erie
Nov-18,30,5.02,117.07,6.15,7.23,28.44,9.27,1.488,0.108,8.609,59.237,Erie
Dec-18,46,2.52,57.73,5.19,6.51,25.72,9.44,1.519,0.105,8.565,68.158,Erie
Jan-19,42,-2.87,86.82,6.35,1.11,32.49,10.19,1.560,0.115,6.642,27.450,Erie
Feb-19,71,-2.78,61.06,5.09,3.10,34.17,10.01,1.713,0.120,6.729,20.067,Erie
Mar-19,151,-0.74,68.74,4.24,6.22,37.64,9.71,1.841,0.122,7.835,59.613,Erie
Apr-19,130,5.98,110.54,3.97,5.56,48.38,9.91,2.233,0.175,6.520,99.651,Erie
May-19,143,11.16,99.80,3.09,16.25,71.05,8.52,1.841,0.152,4.593,513.193,Erie
Jun-19,240,17.16,115.02,3.05,20.55,37.85,8.34,1.733,0.123,7.565,17067.936,Erie
Jul-19,268,23.75,105.46,3.20,26.04,12.40,6.64,1.307,0.084,34.643,29409.623,Erie
Aug-19,260,23.18,99.52,3.93,24.72,21.74,6.91,1.347,0.065,38.517,143735.389,Erie
Sep-19,195,20.80,66.06,4.16,21.90,14.54,6.28,1.310,0.062,38.001,18906.642,Erie
Oct-19,136,14.76,116.77,5.61,18.67,10.85,6.85,0.529,0.047,13.696,10319.487,Erie
Nov-19,42,5.38,60.46,6.19,6.79,17.24,9.30,1.219,0.086,10.525,917.917,Erie
Dec-19,60,3.00,66.61,5.81,5.91,23.63,9.50,1.402,0.098,9.248,94.420,Erie
Jan-20,41,0.98,80.59,5.47,5.21,30.63,9.63,1.605,0.114,7.560,49.753,Erie
Feb-20,93,-1.17,47.96,5.09,4.12,29.67,9.87,1.600,0.109,8.013,110.614,Erie
Mar-20,134,2.37,101.35,3.83,9.42,41.59,9.26,1.980,0.131,7.618,39.286,Erie
Apr-20,192,5.52,71.15,4.45,10.28,28.75,9.11,1.595,0.100,10.964,51.373,Erie
May-20,197,11.06,84.98,3.75,15.50,27.53,8.38,1.633,0.099,12.289,185.238,Erie
Jun-20,350,19.00,62.90,3.18,22.00,16.38,7.58,1.359,0.065,17.820,715.344,Erie
Jul-20,308,24.63,77.97,3.17,26.57,7.97,6.85,0.611,0.052,21.985,12711.995,Erie
Aug-20,270,23.61,87.03,3.81,25.23,8.93,7.39,1.312,0.048,37.777,32641.819,Erie
Sep-20,211,19.72,76.53,4.81,20.79,8.52,8.02,1.749,0.043,17.569,8657.599,Erie
Oct-20,135,13.35,112.36,5.47,15.50,4.63,8.89,0.390,0.028,7.148,407.105,Erie
Nov-20,134,9.21,65.46,6.32,9.44,12.79,8.99,1.064,0.069,13.223,222.946,Erie
Dec-20,43,2.95,64.99,6.46,4.69,19.94,9.61,1.258,0.090,9.560,147.074,Erie
Jan-21,74,-2.00,21.09,4.95,3.44,26.35,9.94,1.548,0.105,7.959,87.832,Erie
Feb-21,112,-2.66,26.37,5.75,1.73,24.31,10.18,1.403,0.096,8.777,2.355,Erie
Mar-21,151,0.41,36.91,5.77,4.01,22.25,9.88,1.333,0.088,10.324,108.309,Erie
Apr-21,195,11.09,46.92,5.09,7.45,22.42,9.39,1.033,0.058,8.916,111.614,Erie
May-21,245,15.78,63.72,4.35,14.97,12.99,8.90,2.246,0.075,22.063,77.388,Erie
Jun-21,229,22.97,131.90,4.41,21.45,10.76,7.44,1.528,0.059,17.730,482.173,Erie
Jul-21,208,23.67,118.31,4.09,24.24,10.43,7.22,1.822,0.075,12.188,515.743,Erie
Aug-21,234,24.24,89.47,3.47,25.43,6.85,7.47,0.767,0.048,29.158,20673.377,Erie
Sep-21,242,20.00,116.29,5.16,22.52,10.79,7.81,0.703,0.062,30.000,24332.987,Erie
Oct-21,103,15.53,132.44,4.87,19.61,12.11,8.14,1.087,0.075,13.029,6253.569,Erie
Nov-21,89,6.75,38.88,5.80,8.25,13.55,9.15,1.157,0.076,11.837,203.062,Erie
Dec-21,52,2.48,63.44,5.81,5.49,23.69,9.55,1.406,0.099,9.027,182.644,Erie
Jan-22,170,-5.35,18.08,6.09,-0.70,24.95,10.59,1.357,0.091,9.097,33.095,Erie
Feb-22,259,-3.15,59.81,6.48,0.78,28.25,10.47,1.350,0.088,10.551,9.156,Erie
Mar-22,352,2.52,53.06,5.78,6.01,23.42,9.82,1.266,0.073,13.735,80.805,Erie
Apr-22,473,6.76,52.83,5.53,8.67,10.99,9.51,0.805,0.024,12.868,32.179,Erie
May-22,549,15.62,89.15,4.93,14.28,18.10,8.57,1.349,0.041,24.354,38.923,Erie
Jun-22,605,20.98,73.60,4.37,22.19,10.49,7.28,1.056,0.004,13.200,1149.951,Erie
Jul-22,633,23.85,70.13,4.23,24.49,8.50,7.45,1.206,0.004,36.316,9612.672,Erie
Aug-22,616,23.69,90.00,3.84,24.74,16.92,7.78,0.449,0.001,36.171,43141.075,Erie
Sep-22,558,19.68,38.92,4.43,22.92,14.25,7.33,0.146,0.000,33.662,8905.903,Erie
Oct-22,486,11.74,24.91,5.58,16.13,10.42,9.32,0.226,0.113,19.754,5875.455,Erie
Nov-22,204,6.28,39.02,5.96,7.86,14.00,9.33,1.098,0.067,13.500,216.008,Erie
Dec-22,118,0.00,39.14,6.35,2.69,20.05,10.00,1.240,0.085,10.083,75.597,Erie
Apr-16,496,7.60,47.46,1.98,6.00,0.33,11.37,0.095,0.002,0.800,169.200,Flathead
May-16,542,10.03,94.92,2.11,7.79,0.60,10.84,0.098,0.003,0.906,44.266,Flathead
Jun-16,684,14.86,52.73,2.01,10.26,0.36,9.50,0.101,0.002,1.138,199.092,Flathead
Jul-16,677,17.31,31.64,1.96,12.59,0.38,6.80,0.093,0.002,0.506,224.359,Flathead
Aug-16,596,18.19,15.82,1.83,12.08,0.40,8.54,0.087,0.002,0.425,188.994,Flathead
Sep-16,390,11.48,47.46,2.08,11.29,0.38,9.32,0.083,0.002,0.519,412.147,Flathead
Oct-16,186,5.32,168.75,1.84,9.31,0.40,8.00,0.130,0.008,0.488,84.616,Flathead
Nov-16,149,2.11,26.37,1.88,8.33,0.46,9.80,0.111,0.002,0.538,487.760,Flathead
Dec-16,83,-11.92,73.83,2.14,4.64,0.35,11.19,0.114,0.003,0.400,650.324,Flathead
Jan-17,136,-11.88,36.91,1.60,2.10,0.33,12.92,0.113,0.005,0.538,1561.628,Flathead
Feb-17,202,-6.20,116.02,1.96,1.74,0.30,12.05,0.104,0.004,0.344,916.773,Flathead
Mar-17,281,-0.45,121.29,2.18,2.30,0.31,11.80,0.112,0.003,0.452,1429.874,Flathead
Apr-17,393,3.57,84.38,2.20,4.08,0.76,11.66,0.115,0.002,0.781,209.533,Flathead
May-17,597,10.68,36.91,1.81,5.65,0.51,10.96,0.129,0.005,0.963,93.968,Flathead
Jun-17,654,14.28,63.28,2.13,9.37,0.58,10.08,0.114,0.003,1.300,63.655,Flathead
Jul-17,805,21.33,5.27,1.96,12.20,0.40,9.42,0.109,0.002,2.750,85.792,Flathead
Aug-17,589,20.15,15.82,1.76,11.65,0.34,8.82,0.103,0.002,1.606,336.702,Flathead
Sep-17,369,12.94,21.09,1.84,10.80,0.38,9.36,0.100,0.004,1.000,38.259,Flathead
Oct-17,261,3.76,47.46,2.31,9.01,0.39,8.46,0.108,0.002,0.775,336.130,Flathead
Nov-17,101,-2.35,121.29,2.13,6.57,0.38,10.27,0.129,0.003,0.700,1600.674,Flathead
Dec-17,93,-8.81,94.92,1.55,5.62,0.34,10.56,0.117,0.002,0.600,265.684,Flathead
Jan-18,115,-5.16,79.10,1.77,3.54,0.36,11.15,0.107,0.002,0.600,645.146,Flathead
Feb-18,185,-9.71,116.02,2.23,2.44,0.43,11.83,0.116,0.003,0.436,1342.130,Flathead
Mar-18,339,-3.35,42.19,1.93,2.26,0.41,11.87,0.122,0.003,0.481,1410.226,Flathead
Apr-18,433,2.73,68.55,2.05,3.32,0.44,11.48,0.111,0.005,0.650,359.259,Flathead
May-18,568,12.58,73.83,1.82,5.74,0.63,10.85,0.114,0.003,0.831,23.318,Flathead
Jun-18,591,12.93,68.55,2.30,8.45,1.07,10.58,0.112,0.003,1.356,58.831,Flathead
Jul-18,754,19.09,5.27,1.88,9.93,0.66,10.09,0.106,0.002,1.831,107.388,Flathead
Aug-18,574,18.79,5.27,2.01,13.06,0.45,8.60,0.108,0.003,0.888,3.334,Flathead
Sep-18,433,11.74,0.00,1.94,13.55,0.41,9.35,0.110,0.003,0.788,57.360,Flathead
Oct-18,266,5.37,58.01,1.74,9.07,0.42,8.79,0.119,0.003,0.800,637.135,Flathead
Nov-18,121,-1.49,73.83,1.77,7.13,0.54,10.39,0.122,0.003,0.788,279.036,Flathead
Dec-18,99,-5.45,47.46,2.00,5.39,0.38,10.66,0.118,0.002,0.663,1465.541,Flathead
Jan-19,121,-6.59,47.46,1.71,4.00,0.42,11.16,0.111,0.002,0.525,744.838,Flathead
Feb-19,191,-13.60,79.10,2.18,2.30,0.44,11.72,0.115,0.003,0.515,826.522,Flathead
Mar-19,381,-5.11,10.55,1.72,1.91,0.31,12.10,0.124,0.004,0.550,3277.494,Flathead
Apr-19,394,4.18,68.55,2.16,3.36,0.38,11.63,0.112,0.002,0.713,849.217,Flathead
May-19,551,9.67,47.46,2.17,6.06,0.49,11.12,0.120,0.003,0.850,586.156,Flathead
Jun-19,636,14.15,47.46,2.07,9.78,0.44,10.61,0.116,0.003,0.988,31.418,Flathead
Jul-19,670,18.28,15.82,1.99,11.30,0.38,10.18,0.115,0.005,1.288,131.015,Flathead
Aug-19,575,19.33,31.64,1.87,13.53,0.28,8.76,0.110,0.002,0.825,182.816,Flathead
Sep-19,363,12.30,84.38,2.00,11.84,0.32,9.78,0.105,0.003,0.700,31.918,Flathead
Oct-19,245,1.70,52.73,2.12,8.59,0.41,7.69,0.108,0.003,0.688,412.787,Flathead
Nov-19,153,-2.44,26.37,1.85,6.30,0.39,10.16,0.113,0.002,0.638,440.047,Flathead
Dec-19,80,-4.32,42.19,1.81,4.87,0.34,10.83,0.108,0.003,0.475,3206.739,Flathead
May-16,201,13.72,43.43,3.14,14.65,4.23,7.77,0.492,0.021,9.542,2033.914,Huron
Jun-16,278,20.43,45.40,3.29,20.33,1.90,8.56,0.763,0.001,4.820,3715.018,Huron
Jul-16,248,24.00,57.76,2.86,23.99,4.54,8.08,0.483,0.001,15.256,36499.964,Huron
Aug-16,241,24.55,113.21,3.07,26.76,4.78,7.70,0.022,0.021,14.846,27859.697,Huron
Sep-16,234,20.78,81.91,3.54,20.72,4.64,8.32,0.027,0.020,11.037,39598.949,Huron
Oct-16,191,14.00,72.91,4.44,12.46,5.13,8.49,0.230,0.021,13.196,27175.939,Huron
Nov-16,143,7.88,48.51,4.85,6.23,29.95,15.08,0.598,0.019,1.248,10987.174,Huron
Dec-16,73,-0.74,75.81,5.70,0.00,50.00,15.13,0.413,0.015,0.841,27638.788,Huron
Jan-17,67,-2.41,74.75,4.09,1.96,49.96,15.81,0.413,0.015,1.551,13693.354,Huron
Feb-17,154,-0.13,64.85,4.54,8.14,37.86,10.44,0.413,0.015,2.464,1309.360,Huron
Mar-17,164,0.01,69.64,4.71,10.83,50.00,9.50,0.413,0.014,9.949,4004.786,Huron
Apr-17,185,8.53,126.90,4.26,10.52,50.00,10.41,0.421,0.012,9.301,1818.843,Huron
May-17,209,11.35,84.12,3.76,15.44,50.00,9.33,0.482,0.009,8.656,1450.732,Huron
Jun-17,248,18.11,135.61,3.26,18.10,2.90,6.76,0.964,0.022,5.669,8575.198,Huron
Jul-17,264,20.69,84.04,2.53,23.21,3.31,7.82,0.667,0.020,12.402,15252.869,Huron
Aug-17,207,19.32,84.35,2.61,21.72,5.52,6.76,0.104,0.024,17.574,69687.664,Huron
Sep-17,228,17.56,64.78,2.45,17.79,6.01,7.52,0.031,0.026,11.718,19753.202,Huron
Oct-17,165,12.56,119.75,3.86,10.86,7.12,6.78,0.025,0.027,15.736,14626.300,Huron
Nov-17,100,3.03,82.13,4.10,0.00,50.00,16.00,0.598,0.019,1.125,8878.027,Huron
Dec-17,118,-3.90,57.50,4.22,0.00,41.97,16.00,0.413,0.015,3.159,7322.143,Huron
Jan-18,76,-5.83,69.83,4.97,1.54,30.59,15.36,0.413,0.015,2.202,255.092,Huron
Feb-18,89,-2.74,75.29,4.15,4.80,50.00,12.04,0.413,0.015,2.763,653.089,Huron
Mar-18,192,-1.21,32.23,4.27,10.49,25.06,10.32,0.413,0.014,9.185,3412.802,Huron
Apr-18,174,2.95,117.97,3.81,11.03,50.00,9.50,0.421,0.012,7.581,1259.380,Huron
May-18,236,15.39,73.27,3.20,12.42,50.00,10.28,0.482,0.009,6.287,684.267,Huron
Jun-18,238,18.49,26.08,3.05,18.96,2.32,6.90,0.277,0.011,7.774,3993.027,Huron
Jul-18,291,22.15,60.84,2.45,25.84,5.43,5.22,0.103,0.022,9.582,23773.559,Huron
Aug-18,203,22.56,133.46,2.56,24.88,6.73,7.38,0.017,0.021,13.969,16576.250,Huron
Sep-18,171,19.17,57.83,3.05,19.60,5.82,8.47,0.037,0.022,11.932,32921.178,Huron
Oct-18,129,10.20,115.49,4.01,8.54,9.50,9.58,0.030,0.035,19.478,30053.234,Huron
Nov-18,49,1.50,80.06,4.18,0.87,49.17,16.00,0.598,0.019,2.212,23702.205,Huron
Dec-18,53,-0.54,59.92,3.63,0.00,50.00,14.48,0.413,0.015,0.997,2175.321,Huron
Jan-19,83,-6.13,74.24,4.87,1.57,48.72,16.00,0.413,0.015,1.178,11008.271,Huron
Feb-19,82,-4.21,61.89,4.87,6.80,46.41,12.72,0.413,0.015,2.915,1041.116,Huron
Mar-19,180,-0.86,50.39,4.09,8.19,33.04,10.97,0.413,0.014,5.836,5289.491,Huron
Apr-19,155,6.42,100.15,4.27,12.23,50.00,10.52,0.421,0.012,13.094,2057.675,Huron
May-19,143,11.19,115.16,3.43,13.73,50.00,9.98,0.482,0.009,10.132,474.711,Huron
Jun-19,252,16.69,91.80,2.94,18.97,2.35,8.06,1.407,0.036,4.228,853.754,Huron
Jul-19,273,22.40,56.12,2.62,23.94,4.29,7.12,0.888,0.019,19.016,26608.424,Huron
Aug-19,271,21.19,40.43,2.75,23.27,7.81,6.86,0.165,0.018,21.788,152314.409,Huron
Sep-19,170,18.82,93.26,2.99,18.54,6.69,7.35,0.017,0.022,19.764,69916.287,Huron
Oct-19,153,11.18,120.94,3.86,12.33,11.03,6.89,0.014,0.028,24.295,56428.720,Huron
Nov-19,93,1.12,88.90,3.94,0.56,4.59,7.71,0.442,0.021,10.736,11865.692,Huron
Dec-19,65,-0.15,72.74,4.25,0.00,4.36,7.75,0.474,0.021,9.966,5527.344,Huron
Apr-16,440,3.80,26.37,5.87,7.38,21.22,12.37,1.240,0.088,0.527,674.218,Michigan
May-16,609,9.20,31.64,4.80,15.81,10.26,8.77,1.530,0.068,0.624,1223.246,Michigan
Jun-16,636,15.93,73.83,4.67,22.95,12.21,7.36,1.580,0.088,0.500,553.178,Michigan
Jul-16,612,20.66,89.65,4.68,23.34,16.92,7.59,0.700,0.094,0.848,1066.066,Michigan
Aug-16,532,22.77,79.10,4.58,25.56,19.52,6.96,1.250,0.100,1.289,6766.392,Michigan
Sep-16,414,19.69,110.74,6.27,21.73,24.51,8.56,1.360,0.090,1.167,2796.918,Michigan
Oct-16,240,13.48,79.10,6.64,14.70,17.58,9.34,1.280,0.072,1.212,1293.788,Michigan
Nov-16,193,8.73,52.73,7.16,8.90,12.09,10.83,1.530,0.115,0.500,627.443,Michigan
Dec-16,126,-0.31,52.73,9.27,1.26,12.09,13.69,1.720,0.093,0.731,3354.427,Michigan
Jan-17,138,-1.08,63.28,7.14,0.46,4.20,13.80,1.440,0.036,1.598,16187.887,Michigan
Feb-17,262,0.41,42.19,8.07,2.05,4.49,13.63,3.030,0.037,0.500,2194.118,Michigan
Mar-17,331,0.58,58.01,7.52,2.36,9.78,13.99,2.240,0.119,0.630,6827.942,Michigan
Apr-17,444,5.48,110.74,6.19,9.50,16.71,11.61,1.910,0.070,0.500,558.486,Michigan
May-17,561,7.79,68.55,5.18,14.64,11.41,9.40,1.650,0.101,0.720,892.179,Michigan
Jun-17,621,15.05,137.11,5.23,22.06,20.72,7.41,1.710,0.147,1.060,2491.638,Michigan
Jul-17,640,19.26,84.38,4.38,24.76,20.51,7.97,1.260,0.111,1.910,7418.643,Michigan
Aug-17,508,19.86,79.10,5.18,23.53,33.28,8.96,2.070,0.123,0.880,19090.465,Michigan
Sep-17,456,18.34,26.37,5.36,21.10,26.38,9.24,1.280,0.085,1.090,16884.648,Michigan
Oct-17,255,13.75,137.11,7.58,15.37,33.23,9.18,2.020,0.146,0.700,12580.099,Michigan
Nov-17,172,5.13,42.19,8.12,4.51,10.17,12.01,1.410,0.077,1.360,1496.383,Michigan
Dec-17,125,-1.47,42.19,8.15,0.97,13.63,13.22,1.590,0.100,0.602,4694.078,Michigan
Jan-18,164,-2.04,47.46,8.71,0.78,4.18,13.47,1.690,0.052,0.993,3677.808,Michigan
Feb-18,246,-2.00,42.19,7.37,0.45,5.52,13.53,1.690,0.050,0.536,820.967,Michigan
Mar-18,418,0.62,21.09,6.49,4.14,3.84,13.15,1.510,0.044,0.500,2565.651,Michigan
Apr-18,497,1.91,84.38,6.34,5.07,13.42,12.93,1.490,0.041,0.340,2171.018,Michigan
May-18,558,9.10,105.47,4.56,17.03,18.14,9.33,1.570,0.110,0.350,695.719,Michigan
Jun-18,561,13.40,68.55,4.82,22.68,15.91,6.53,1.900,0.131,0.530,2090.803,Michigan
Jul-18,652,20.48,63.28,4.53,25.48,20.97,8.14,1.300,0.127,0.650,27392.619,Michigan
Aug-18,490,22.19,152.93,4.76,24.43,30.43,7.47,1.320,0.104,0.670,29399.665,Michigan
Sep-18,403,18.58,79.10,5.81,20.99,44.75,8.36,1.510,0.144,0.560,52665.133,Michigan
Oct-18,248,10.38,110.74,7.38,11.33,18.69,10.42,1.655,0.093,0.880,5231.955,Michigan
Nov-18,146,2.78,36.91,7.55,3.31,14.13,12.84,1.570,0.090,1.428,1179.015,Michigan
Dec-18,122,1.42,42.19,6.91,0.58,5.82,13.63,1.353,0.055,1.483,2065.156,Michigan
Jan-19,133,-3.68,47.46,8.26,0.16,7.38,13.94,1.531,0.059,0.500,6587.994,Michigan
Feb-19,192,-4.27,63.28,7.42,0.10,3.31,13.23,1.920,0.118,0.685,2832.898,Michigan
Mar-19,382,-1.57,42.19,6.51,1.94,7.71,13.53,1.670,0.034,0.500,689.042,Michigan
Apr-19,409,3.65,84.38,6.04,6.09,14.90,13.05,1.440,0.052,0.420,2286.997,Michigan
May-19,475,6.33,105.47,4.98,12.94,15.36,10.35,1.130,0.050,0.580,2201.089,Michigan
Jun-19,552,10.60,105.47,4.27,20.60,18.96,8.15,1.030,0.054,1.130,2148.248,Michigan
Jul-19,644,19.02,73.83,4.50,25.79,46.21,7.27,1.100,0.071,0.650,8856.918,Michigan
Aug-19,536,20.57,94.92,4.83,24.64,59.94,7.93,1.310,0.165,0.450,31995.354,Michigan
Sep-19,357,17.84,121.29,6.24,19.27,44.63,8.40,1.490,0.124,0.650,3813.804,Michigan
Oct-19,254,10.87,163.48,7.79,12.19,33.39,10.16,1.740,0.193,0.170,3366.253,Michigan
Nov-19,153,3.04,73.83,7.49,2.49,30.59,13.28,1.810,0.187,1.500,3484.817,Michigan
Dec-19,126,1.54,73.83,7.70,0.31,26.42,14.29,1.260,0.069,0.982,3371.568,Michigan
Jan-20,122,0.29,52.73,7.58,0.17,3.83,15.23,1.260,0.049,1.806,10418.071,Michigan
Feb-20,252,-1.24,21.09,8.20,0.46,2.26,14.95,1.500,0.032,0.821,5210.564,Michigan
Mar-20,299,2.31,84.38,6.87,3.01,16.94,13.67,1.520,0.023,0.605,1145.692,Michigan
Apr-20,452,3.82,68.55,5.80,6.74,10.27,12.34,2.850,0.165,0.500,3163.596,Michigan
May-20,578,8.05,100.20,5.18,14.45,16.35,9.31,1.540,0.081,0.500,3834.376,Michigan
Jun-20,658,14.54,73.83,4.57,22.29,13.43,7.84,1.370,0.092,1.713,553.037,Michigan
Jul-20,666,22.46,94.92,4.62,26.67,27.90,8.59,1.450,0.139,0.640,42092.306,Michigan
Aug-20,552,21.94,79.10,5.04,24.18,18.62,5.73,1.550,0.133,0.691,27804.239,Michigan
Sep-20,367,17.16,63.28,6.67,19.05,13.40,8.32,1.400,0.141,0.500,1993.433,Michigan
Oct-20,259,9.69,89.65,7.20,11.07,15.67,9.76,2.120,0.176,0.836,1658.073,Michigan
Nov-20,214,6.65,42.19,8.27,5.48,20.48,11.78,1.410,0.115,0.968,4211.971,Michigan
Dec-20,118,1.59,26.37,7.51,1.05,5.97,13.27,1.480,0.065,1.241,1829.463,Michigan
Jan-21,129,0.00,26.37,6.38,0.29,3.17,13.57,1.530,0.059,0.500,3198.680,Michigan
Feb-21,229,-3.37,21.09,7.26,0.25,2.60,13.68,1.480,0.054,0.535,15870.485,Michigan
Mar-21,378,2.73,26.37,7.26,4.29,31.77,13.36,1.850,0.090,0.500,5978.915,Michigan
Apr-21,480,5.05,50.95,5.39,10.07,8.09,11.04,1.510,0.064,0.612,1382.511,Michigan
May-21,564,9.01,76.16,5.05,15.70,11.39,9.16,1.580,0.074,0.500,1115.204,Michigan
Jun-21,616,16.40,78.67,4.43,24.32,18.92,6.16,1.180,0.101,0.500,560.894,Michigan
Jul-21,574,19.60,125.17,4.58,24.59,17.25,8.07,1.780,0.119,0.707,5992.249,Michigan
Aug-21,547,22.45,149.16,4.47,24.73,24.50,8.09,1.280,0.113,0.709,20866.481,Michigan
Sep-21,425,19.15,49.49,6.41,20.74,23.59,8.31,1.560,0.146,0.894,32734.082,Michigan
Oct-21,237,15.25,66.71,5.83,16.52,14.91,7.51,1.740,0.102,1.018,6559.324,Michigan
Nov-21,193,6.45,35.70,8.09,5.95,6.22,11.56,1.920,0.156,0.500,2290.143,Michigan
Dec-21,121,2.32,47.47,8.14,0.76,7.47,13.78,1.740,0.055,0.861,2381.100,Michigan
Jan-22,161,-3.24,22.56,8.31,0.24,4.43,14.17,1.570,0.044,1.200,10267.095,Michigan
Feb-22,236,-2.66,29.53,8.57,0.33,4.51,14.18,1.810,0.034,0.758,6786.777,Michigan
Mar-22,330,0.23,110.16,7.08,2.64,16.74,12.86,2.670,0.261,5.032,3234.916,Michigan
Apr-22,374,3.55,87.12,6.55,5.88,18.67,12.48,3.670,0.120,0.500,1950.114,Michigan
May-22,496,8.29,70.93,5.39,15.77,11.61,8.44,2.030,0.094,0.500,1638.856,Michigan
Jun-22,634,13.27,73.23,4.95,22.27,12.68,7.14,1.780,0.112,0.741,997.799,Michigan
Jul-22,635,19.82,96.47,4.79,23.87,21.41,5.97,1.350,0.172,1.107,16312.397,Michigan
Aug-22,508,20.79,109.60,5.01,23.16,18.68,6.38,0.720,0.140,0.501,10550.907,Michigan
Sep-22,409,18.41,67.84,6.11,20.71,19.21,8.61,1.680,0.068,0.870,18595.282,Michigan
Oct-22,296,11.37,87.85,7.11,12.59,8.53,9.86,1.210,0.128,0.824,1704.139,Michigan
Nov-22,186,5.94,68.93,8.11,6.23,12.00,12.16,2.110,0.135,0.619,1627.638,Michigan
Dec-22,107,-0.14,44.24,8.58,0.40,10.72,14.45,1.470,0.080,1.125,1714.207,Michigan
Jan-23,141,-1.64,42.40,7.75,0.43,3.92,14.96,1.670,0.073,1.354,1545.650,Michigan
Feb-23,234,-1.99,33.60,7.83,0.96,3.78,14.72,1.520,0.061,0.762,8427.328,Michigan
Mar-23,349,1.01,63.95,6.80,3.44,7.16,13.97,1.870,0.090,1.009,4211.398,Michigan
Apr-23,442,3.89,73.21,6.03,8.00,26.11,12.13,1.620,0.061,0.500,1177.210,Michigan
May-23,549,8.25,79.77,5.02,14.52,6.96,9.53,1.870,0.082,0.527,4005.448,Michigan
Apr-16,609,23.40,16.77,5.11,24.37,49.48,8.43,1.635,0.060,10.290,19910.620,Okeechobee
May-16,627,25.31,95.48,4.41,26.04,39.10,7.85,1.363,0.027,14.265,21639.256,Okeechobee
Jun-16,552,27.38,139.79,4.27,29.26,23.03,8.33,1.523,0.068,38.300,313020.994,Okeechobee
Jul-16,602,28.76,63.01,3.64,31.43,18.88,6.97,1.283,0.069,34.050,196983.235,Okeechobee
Aug-16,527,28.10,172.47,4.42,30.57,15.15,7.40,1.146,0.045,36.930,74421.113,Okeechobee
Sep-16,469,27.47,122.15,3.59,30.06,20.95,7.94,1.180,0.037,26.225,51250.075,Okeechobee
Oct-16,427,25.03,39.36,5.87,26.25,27.08,7.79,1.345,0.048,28.270,28099.918,Okeechobee
Nov-16,401,21.38,2.15,4.17,22.67,26.68,8.43,1.398,0.037,25.600,14832.526,Okeechobee
Dec-16,333,21.47,14.41,4.33,22.56,29.10,8.65,1.343,0.043,12.995,8429.555,Okeechobee
Jan-17,375,18.95,17.85,4.44,20.00,49.15,10.09,1.995,0.113,18.898,9669.147,Okeechobee
Feb-17,462,20.77,7.53,3.99,21.31,26.18,8.86,1.320,0.103,14.250,4911.079,Okeechobee
Mar-17,542,20.75,16.13,4.97,23.37,27.10,8.95,1.370,0.099,11.918,6495.848,Okeechobee
Apr-17,575,23.54,30.54,5.66,24.31,40.93,8.91,1.360,0.107,21.188,8236.154,Okeechobee
May-17,668,25.70,55.70,5.12,26.62,31.65,8.01,1.448,0.091,15.503,21793.913,Okeechobee
Jun-17,499,26.82,175.91,4.60,28.25,26.18,7.87,1.363,0.138,23.120,26935.862,Okeechobee
Jul-17,554,28.26,107.74,3.94,30.15,10.18,7.87,1.300,0.129,17.188,94658.978,Okeechobee
Aug-17,561,28.18,68.17,4.38,30.25,10.30,8.22,1.168,0.115,25.200,73205.220,Okeechobee
Sep-17,493,27.57,189.46,4.71,29.38,71.85,6.01,1.705,0.335,17.975,17945.864,Okeechobee
Oct-17,433,25.10,162.37,5.73,26.98,55.53,7.26,1.663,0.183,8.578,9546.311,Okeechobee
Nov-17,407,22.32,26.24,4.60,23.91,34.05,8.35,1.738,0.225,11.855,5686.183,Okeechobee
Dec-17,371,19.60,33.33,3.97,20.84,35.75,8.18,1.655,0.187,7.718,4462.460,Okeechobee
Jan-18,351,15.24,28.60,5.77,16.12,78.48,10.05,2.780,0.142,7.188,2824.183,Okeechobee
Feb-18,461,22.27,15.48,4.25,22.40,79.75,9.17,1.875,0.130,5.468,2846.444,Okeechobee
Mar-18,604,19.37,11.40,5.13,20.76,68.08,8.92,1.590,0.165,6.678,2641.782,Okeechobee
Apr-18,645,23.40,43.66,4.92,24.99,35.33,8.19,1.540,0.136,8.253,3352.525,Okeechobee
May-18,459,24.54,178.06,5.12,25.73,55.10,8.29,1.773,0.122,18.498,4219.103,Okeechobee
Jun-18,576,27.16,88.17,3.44,29.47,28.80,8.15,1.408,0.208,16.175,32374.657,Okeechobee
Jul-18,591,28.04,63.23,3.64,30.43,20.58,7.01,1.355,0.140,17.660,76207.601,Okeechobee
Aug-18,561,28.12,84.30,3.93,30.20,18.90,8.12,1.133,0.095,22.300,38418.612,Okeechobee
Sep-18,516,28.01,80.22,4.06,28.71,15.80,7.77,1.060,0.175,10.335,46686.265,Okeechobee
Oct-18,490,26.41,27.31,4.92,26.98,11.40,8.03,1.152,0.160,33.350,30186.847,Okeechobee
Nov-18,387,22.43,24.73,4.21,24.02,15.55,8.56,1.160,0.087,32.925,27017.260,Okeechobee
Dec-18,351,18.89,29.46,4.36,19.07,16.58,9.17,1.323,0.118,16.700,12093.065,Okeechobee
Jan-19,372,17.29,84.09,5.03,18.76,32.18,9.50,1.380,0.103,18.560,8960.143,Okeechobee
Feb-19,435,21.60,27.10,4.10,21.37,30.25,8.88,1.675,0.094,17.043,6587.934,Okeechobee
Mar-19,529,21.00,23.44,4.92,22.55,35.93,8.55,1.407,0.097,16.220,5971.532,Okeechobee
Apr-19,599,23.99,28.17,5.18,25.14,29.95,8.63,1.628,0.092,15.343,10636.129,Okeechobee
May-19,641,26.17,55.05,4.83,27.90,26.73,8.27,1.243,0.089,11.935,18465.020,Okeechobee
Jun-19,544,27.60,168.17,3.97,29.27,17.33,7.50,1.060,0.107,6.398,34153.574,Okeechobee
Jul-19,580,28.01,122.37,3.55,30.14,21.25,7.97,1.240,0.113,11.613,38573.315,Okeechobee
Aug-19,507,27.75,157.63,3.68,29.87,10.63,8.02,1.075,0.087,8.798,29880.230,Okeechobee
Sep-19,551,27.49,32.47,5.84,28.63,19.25,7.63,1.111,0.134,20.525,11835.707,Okeechobee
Oct-19,428,26.91,56.56,4.59,27.66,37.20,7.73,1.770,0.171,32.040,8489.849,Okeechobee
Nov-19,370,22.21,23.87,4.20,23.53,18.85,8.76,1.358,0.137,20.275,9298.867,Okeechobee
Dec-19,316,20.12,53.12,4.57,20.74,39.45,9.58,1.335,0.051,21.838,11069.080,Okeechobee
Jan-20,388,18.73,22.80,4.67,19.54,25.83,9.24,1.308,0.063,13.310,17515.731,Okeechobee
Feb-20,449,20.09,44.73,4.92,20.76,20.96,10.44,1.301,0.058,23.079,23177.566,Okeechobee
Mar-20,569,22.90,2.37,4.40,22.97,50.00,9.33,1.533,0.062,11.210,23918.760,Okeechobee
Apr-20,557,24.65,77.63,5.42,26.16,29.40,8.54,1.458,0.063,12.993,23037.298,Okeechobee
May-20,585,25.05,123.23,4.99,26.03,25.00,8.39,1.370,0.061,21.050,47282.630,Okeechobee
Jun-20,577,27.72,119.79,3.99,29.19,15.49,7.62,1.311,0.060,30.374,158920.704,Okeechobee
Jul-20,570,28.02,149.89,4.18,29.77,14.76,7.49,1.306,0.131,20.631,141238.026,Okeechobee
Aug-20,581,28.59,153.55,3.85,30.18,14.70,7.56,1.273,0.069,18.399,148433.863,Okeechobee
Sep-20,495,27.63,126.02,4.25,29.38,13.99,7.87,1.161,0.049,26.208,95360.124,Okeechobee
Oct-20,388,26.48,113.12,4.80,26.99,18.65,7.94,1.359,0.162,21.927,63487.719,Okeechobee
Nov-20,358,23.70,60.43,5.68,24.20,52.77,8.17,1.613,0.109,10.203,14503.936,Okeechobee
Dec-20,362,17.39,31.18,4.16,18.43,20.35,9.27,1.190,0.107,16.290,12267.930,Okeechobee
Jan-21,383,17.68,3.23,3.82,17.95,37.20,9.26,1.563,0.108,9.845,4450.119,Okeechobee
Feb-21,465,20.81,37.63,4.70,19.85,26.80,9.90,1.260,0.102,16.235,2881.543,Okeechobee
Mar-21,554,21.70,12.04,4.89,23.12,57.38,9.17,1.528,0.114,9.653,5383.787,Okeechobee
Apr-21,612,23.13,54.19,5.16,23.97,32.58,9.00,1.425,0.108,21.448,10970.714,Okeechobee
May-21,658,25.93,49.25,5.42,26.70,33.91,7.98,1.310,0.082,23.909,32489.597,Okeechobee
Jun-21,500,27.23,121.75,4.08,28.21,24.50,7.35,1.345,0.074,13.586,33898.717,Okeechobee
Jul-21,575,27.36,100.97,4.35,29.40,14.19,7.69,1.110,0.057,20.299,52612.651,Okeechobee
Aug-21,541,27.90,171.29,3.89,29.59,15.64,6.94,1.257,0.109,26.775,46733.723,Okeechobee
Sep-21,519,27.90,165.16,3.82,29.45,9.73,7.40,1.038,0.201,19.341,32144.216,Okeechobee
Oct-21,452,26.78,109.03,3.64,27.76,13.25,7.78,1.164,0.187,22.741,23452.030,Okeechobee
Nov-21,362,24.18,29.68,4.37,23.93,15.28,8.52,1.006,0.126,20.475,13087.719,Okeechobee
Dec-21,368,20.78,49.68,4.23,22.23,13.35,10.30,1.168,0.094,37.500,10779.560,Okeechobee
Jan-22,358,20.32,10.32,3.69,19.10,29.15,8.61,1.320,0.101,24.543,8248.933,Okeechobee
Feb-22,452,18.30,17.42,4.46,19.98,34.33,9.28,0.857,0.091,34.975,7606.498,Okeechobee
Mar-22,560,20.70,10.97,4.57,23.88,28.05,8.32,1.233,0.078,15.088,5317.848,Okeechobee
Apr-22,599,23.20,10.32,5.22,24.94,36.43,8.09,1.448,0.082,11.903,11333.952,Okeechobee
May-22,623,24.52,11.29,5.03,28.32,24.99,7.79,1.369,0.073,16.533,20763.372,Okeechobee
Jun-22,592,26.27,58.71,4.46,30.37,26.30,8.12,1.616,0.064,37.984,50719.150,Okeechobee
Jul-22,625,27.55,105.48,3.65,30.36,12.51,7.72,1.199,0.112,28.009,38597.205,Okeechobee
Aug-22,589,28.35,98.71,3.65,31.28,12.46,8.51,1.178,0.046,30.919,49694.901,Okeechobee
Sep-22,490,28.10,51.61,3.13,30.06,7.86,8.18,1.225,0.074,27.738,28268.456,Okeechobee
Oct-22,462,26.17,129.36,4.08,26.25,53.39,7.56,1.913,0.218,21.899,5098.596,Okeechobee
Nov-22,372,24.08,40.97,4.50,25.13,35.63,8.24,1.540,0.232,25.548,4441.564,Okeechobee
Dec-22,326,22.16,53.23,4.57,21.38,36.90,8.29,1.179,0.173,13.150,4107.026,Okeechobee
Jan-23,360,19.32,26.45,4.04,18.71,46.08,8.87,1.330,0.169,6.753,3090.882,Okeechobee
Feb-23,451,19.84,7.74,3.73,22.99,75.40,8.67,1.883,0.146,7.285,1446.929,Okeechobee
Apr-23,599,23.35,24.52,4.80,26.43,41.28,8.19,1.315,0.139,13.445,5734.990,Okeechobee
May-23,609,24.88,88.71,4.78,27.20,45.49,8.03,1.555,0.150,8.863,21580.719,Okeechobee
Mar-12,78,5.52,42.19,3.23,4.84,0.24,11.71,0.197,0.022,0.985,47450.237,Oneida
Apr-12,120,5.31,58.01,2.71,8.33,0.20,9.05,0.213,0.013,2.628,31906.451,Oneida
May-12,157,15.90,110.74,1.86,14.17,0.40,10.38,0.193,0.015,3.742,0.000,Oneida
Jun-12,198,17.99,79.10,1.86,20.00,0.26,7.81,0.114,0.019,2.743,0.000,Oneida
Jul-12,222,21.95,58.01,1.59,24.59,0.42,7.13,0.133,0.023,4.170,44171.869,Oneida
Aug-12,241,20.90,73.83,1.58,24.71,0.63,7.68,0.019,0.025,0.500,89045.039,Oneida
Sep-12,263,15.91,89.65,1.89,21.47,0.40,8.19,0.051,0.031,2.847,15345.908,Oneida
Oct-12,236,10.90,79.10,2.12,15.44,0.26,9.72,0.150,0.057,1.710,575.174,Oneida
Nov-12,198,1.38,26.37,2.15,7.93,0.18,15.34,0.071,0.030,0.500,30370.662,Oneida
Dec-12,97,-1.12,158.20,2.88,4.52,0.13,14.64,0.178,0.033,0.500,91794.292,Oneida
Jan-16,128,-5.13,26.37,3.76,1.25,17.83,15.91,0.178,0.033,1.243,46980.681,Oneida
Feb-16,48,-3.37,94.92,4.13,0.51,50.00,13.68,0.178,0.033,1.100,53245.680,Oneida
Mar-16,67,2.34,47.46,3.13,3.48,0.52,12.62,0.197,0.022,0.769,39937.849,Oneida
Apr-16,109,4.47,63.28,2.39,7.02,0.20,11.25,0.213,0.013,3.966,15651.860,Oneida
May-16,153,12.82,68.55,1.95,12.99,0.24,8.66,0.234,0.011,1.397,15299.949,Oneida
Jun-16,237,17.74,73.83,1.95,18.89,0.35,7.92,0.111,0.010,1.577,24234.528,Oneida
Jul-16,225,21.33,121.29,1.68,23.33,0.43,7.12,0.077,0.023,3.050,33169.106,Oneida
Aug-16,314,21.85,121.29,1.76,24.99,0.73,7.64,0.117,0.028,7.032,14399.563,Oneida
Sep-16,266,17.51,63.28,1.78,23.36,0.69,7.68,0.040,0.029,0.834,25070.699,Oneida
Oct-16,254,9.86,142.38,2.20,17.21,0.41,8.34,0.031,0.031,0.500,21402.160,Oneida
Nov-16,277,4.15,58.01,2.42,8.55,0.26,12.03,0.071,0.030,0.592,9781.585,Oneida
Dec-16,140,-3.09,89.65,3.26,4.56,0.29,15.35,0.178,0.033,0.500,0.000,Oneida
Jan-17,117,-3.29,89.65,3.58,2.12,50.00,14.78,0.178,0.033,0.747,88817.097,Oneida
Feb-17,60,-1.87,79.10,3.87,3.47,50.00,13.92,0.178,0.033,1.974,58129.426,Oneida
Mar-17,62,-2.68,84.38,3.62,1.77,50.00,13.18,0.197,0.022,1.001,27441.756,Oneida
Apr-17,92,8.85,142.38,2.63,6.00,0.26,13.65,0.213,0.013,2.226,9654.735,Oneida
May-17,144,12.01,163.48,2.27,13.52,0.41,8.77,0.213,0.012,1.533,23266.441,Oneida
Jun-17,176,17.67,121.29,1.94,18.83,0.30,8.32,0.380,0.017,0.717,15369.907,Oneida
Jul-17,142,20.12,131.84,1.60,22.91,1.92,7.61,0.064,0.020,2.225,230119.859,Oneida
Aug-17,239,18.66,58.01,1.70,23.25,0.94,7.69,0.135,0.022,7.648,75789.793,Oneida
Sep-17,222,16.80,52.73,1.56,20.28,0.69,7.88,0.011,0.029,0.500,30431.106,Oneida
Oct-17,240,12.74,142.38,2.30,17.97,0.52,8.66,0.075,0.036,3.380,10482.294,Oneida
Nov-17,219,1.91,68.55,2.73,9.83,0.37,11.81,0.071,0.030,0.500,9848.626,Oneida
Dec-17,165,-4.75,58.01,2.92,2.13,41.55,16.00,0.178,0.033,0.500,11909.798,Oneida
Jan-18,90,-6.70,73.83,3.70,2.33,50.00,13.95,0.178,0.033,0.803,30584.023,Oneida
Feb-18,60,-2.08,84.38,3.70,2.27,50.00,14.96,0.178,0.033,0.549,21762.630,Oneida
Mar-18,176,-3.49,79.10,3.03,1.17,32.22,11.78,0.197,0.022,2.162,12941.236,Oneida
Apr-18,218,2.54,100.20,2.88,7.08,50.00,9.50,0.213,0.013,1.107,22536.034,Oneida
May-18,199,15.57,63.28,2.06,11.61,0.47,8.53,0.337,0.009,1.428,11330.001,Oneida
Jun-18,241,17.76,79.10,1.88,19.30,0.45,8.28,0.203,0.011,1.480,20120.692,Oneida
Jul-18,241,21.62,110.74,1.72,23.67,0.49,8.22,0.175,0.023,6.070,26611.071,Oneida
Aug-18,256,21.48,121.29,1.62,24.89,0.73,8.18,0.085,0.026,3.526,16725.229,Oneida
Sep-18,220,17.84,137.11,1.71,21.99,0.63,8.30,0.115,0.014,5.543,13920.243,Oneida
Oct-18,180,8.80,126.56,2.20,16.21,0.54,8.39,0.132,0.031,4.383,12459.614,Oneida
Nov-18,136,-0.02,137.11,2.48,7.11,0.30,14.06,0.071,0.030,0.500,10650.046,Oneida
Dec-18,111,-2.14,68.55,2.73,2.80,47.19,16.00,0.178,0.033,0.500,12945.608,Oneida
Jan-19,103,-7.48,116.02,3.72,0.00,50.00,16.00,0.178,0.033,0.550,0.000,Oneida
Feb-19,128,-4.69,73.83,4.07,0.66,50.00,15.19,0.178,0.033,2.336,0.000,Oneida
Mar-19,159,-1.51,31.64,3.33,1.23,0.23,13.75,0.197,0.022,1.180,0.000,Oneida
Apr-19,204,6.86,126.56,2.77,7.40,0.69,9.23,0.213,0.013,1.875,11426.974,Oneida
May-19,217,11.95,152.93,2.09,12.25,0.44,8.43,0.246,0.011,2.450,10443.370,Oneida
Jun-19,246,17.08,116.02,1.89,17.54,0.43,8.34,0.207,0.011,1.217,11334.742,Oneida
Jul-19,246,21.85,100.20,1.50,23.17,0.48,8.19,0.159,0.014,1.777,27625.127,Oneida
Aug-19,218,19.28,110.74,1.64,23.89,0.73,7.95,0.138,0.015,5.372,67382.989,Oneida
Sep-19,200,16.14,58.01,1.80,20.33,0.67,8.81,0.132,0.026,12.233,37738.736,Oneida
Oct-19,199,10.15,163.48,2.08,16.10,0.44,8.30,0.045,0.031,0.500,10497.508,Oneida
Nov-19,133,-0.27,89.65,2.41,4.81,0.30,13.68,0.071,0.030,0.515,10976.245,Oneida
Dec-19,112,-3.09,100.20,2.85,0.25,50.00,15.94,0.178,0.033,0.714,14668.058,Oneida
Jan-20,97,-3.62,84.38,3.45,0.00,50.00,16.00,0.178,0.033,0.500,23964.204,Oneida
Feb-20,117,-4.88,84.38,3.19,1.31,0.29,15.49,0.178,0.033,0.599,17046.334,Oneida
Mar-20,157,2.16,79.10,3.17,2.12,48.86,11.65,0.197,0.022,1.730,10128.464,Oneida
Apr-20,204,4.22,94.92,2.77,6.48,0.28,11.67,0.213,0.013,3.118,10584.127,Oneida
May-20,226,11.67,94.92,2.20,11.32,0.35,8.33,0.193,0.012,3.247,15981.828,Oneida
Jun-20,241,18.48,47.46,1.80,19.58,0.44,8.24,0.194,0.012,2.498,25555.923,Oneida
Jul-20,270,22.60,126.56,1.64,24.87,0.51,8.00,0.051,0.020,4.190,35130.018,Oneida
Aug-20,236,20.48,121.29,1.73,25.06,0.59,8.16,0.146,0.023,10.623,33156.330,Oneida
Sep-20,226,15.94,58.01,1.95,20.79,0.57,8.28,0.091,0.033,6.565,11251.281,Oneida
Oct-20,197,9.43,100.20,2.04,14.72,0.43,8.28,0.048,0.034,0.500,13240.870,Oneida
Nov-20,147,4.97,84.38,2.73,9.18,0.27,8.41,0.117,0.029,2.632,16110.658,Oneida
Dec-20,111,-1.61,79.10,3.08,2.85,50.00,15.03,0.178,0.033,0.500,16996.129,Oneida
Jan-21,112,-6.05,58.01,2.81,0.00,33.66,15.52,0.178,0.033,0.595,0.000,Oneida
Feb-21,127,-7.27,52.73,3.06,0.77,0.28,16.00,0.178,0.033,1.200,0.000,Oneida
Mar-21,175,1.36,42.19,3.68,3.83,25.17,14.38,0.197,0.022,0.877,10553.339,Oneida
Apr-21,200,6.99,82.79,2.44,7.97,0.49,8.41,0.214,0.012,10.852,12702.036,Oneida
May-21,250,12.44,95.45,1.98,12.78,0.37,8.25,0.116,0.007,1.073,11298.432,Oneida
Jun-21,250,19.67,127.94,1.86,19.01,0.37,7.99,0.109,0.007,1.697,48224.210,Oneida
Jul-21,274,20.01,225.45,1.59,23.03,0.61,8.16,0.068,0.013,5.120,13523.878,Oneida
Aug-21,253,21.62,155.08,1.57,23.96,0.64,8.24,0.111,0.022,4.693,12884.044,Oneida
Sep-21,236,16.30,116.08,1.92,21.40,0.70,8.19,0.041,0.027,4.322,15512.353,Oneida
Oct-21,194,12.37,196.22,1.94,17.44,0.57,8.28,0.074,0.034,3.898,18605.273,Oneida
Nov-21,146,2.41,83.17,2.33,10.37,0.42,14.06,0.071,0.030,0.500,10280.828,Oneida
Dec-21,116,-0.34,100.96,2.86,3.65,0.37,14.20,0.178,0.033,0.500,13129.895,Oneida
Jan-10,99,-3.09,62.65,5.60,2.58,35.27,15.68,0.046,0.008,0.500,44183.783,Ontario
Feb-10,105,-2.03,46.81,5.05,1.30,30.99,15.39,0.028,0.007,1.261,0.000,Ontario
Mar-10,200,3.05,52.46,4.20,1.04,37.06,14.19,0.028,0.007,0.540,59811.086,Ontario
Apr-10,256,7.83,35.12,3.51,2.87,27.75,13.04,0.028,0.007,1.741,95131.837,Ontario
May-10,244,13.20,59.33,3.05,3.03,29.72,11.42,0.049,0.005,1.285,13343.668,Ontario
Jun-10,218,18.23,156.33,3.20,8.41,50.00,8.02,0.049,0.005,3.583,327892.606,Ontario
Jul-10,266,22.58,95.27,2.86,17.49,50.00,7.64,0.051,0.006,1.247,415830.651,Ontario
Aug-10,211,22.05,66.76,3.35,20.13,50.00,9.19,0.042,0.007,2.119,553762.698,Ontario
Sep-10,137,16.51,106.10,4.18,16.46,50.00,9.61,0.049,0.008,1.184,264800.077,Ontario
Oct-10,134,10.89,79.18,4.65,12.73,50.00,10.72,0.049,0.008,0.500,204160.819,Ontario
Nov-10,125,4.91,93.18,4.49,5.47,50.00,14.14,0.049,0.008,0.500,53223.992,Ontario
Dec-10,92,-2.06,65.85,5.86,2.29,40.25,16.00,0.049,0.007,0.500,62615.948,Ontario
Jan-11,99,-4.17,60.83,4.79,2.63,50.00,16.00,0.046,0.008,0.500,0.000,Ontario
Feb-11,138,-2.80,73.74,6.27,0.00,50.00,15.81,0.028,0.007,0.500,0.000,Ontario
Mar-11,181,0.24,105.60,4.77,0.00,50.00,14.91,0.028,0.007,1.154,69254.607,Ontario
Apr-11,121,4.92,137.30,4.28,1.39,50.00,13.29,0.032,0.008,2.069,62955.879,Ontario
May-11,154,10.75,130.84,3.03,2.84,50.00,11.68,0.049,0.005,0.645,0.000,Ontario
Jun-11,239,17.07,65.51,3.03,9.43,37.61,7.14,0.049,0.005,2.423,0.000,Ontario
Jul-11,274,23.37,64.32,2.93,13.80,42.94,8.70,0.051,0.006,1.129,343084.266,Ontario
Aug-11,214,21.87,130.23,3.04,16.82,50.00,9.04,0.049,0.008,1.722,177181.369,Ontario
Sep-11,180,17.78,100.57,3.68,19.71,47.45,12.58,0.049,0.008,1.715,156217.846,Ontario
Oct-11,119,11.26,105.99,4.43,11.65,50.00,11.68,0.049,0.008,0.500,142665.503,Ontario
Nov-11,101,6.33,88.80,5.01,6.34,50.00,14.42,0.049,0.008,0.500,76197.656,Ontario
Dec-11,76,1.34,80.76,4.65,0.26,50.00,16.00,0.049,0.007,0.500,59420.799,Ontario
Jan-12,97,-0.71,90.97,4.79,0.07,0.35,14.90,0.046,0.008,0.500,64995.525,Ontario
Feb-12,117,0.03,43.41,6.27,0.51,0.37,16.00,0.028,0.007,0.500,50615.791,Ontario
Mar-12,155,5.33,40.06,4.77,0.00,0.40,15.50,0.028,0.007,0.500,58375.765,Ontario
Apr-12,213,5.69,57.23,4.28,2.36,0.45,12.80,0.023,0.006,1.018,70498.285,Ontario
May-12,234,14.25,57.35,3.03,2.06,0.50,13.01,0.049,0.005,2.474,101299.068,Ontario
Jun-12,249,19.14,86.45,3.03,8.16,0.47,8.70,0.049,0.005,1.941,133317.864,Ontario
Jul-12,260,23.52,57.88,2.93,14.27,0.44,10.33,0.051,0.006,0.500,132400.954,Ontario
Aug-12,254,22.01,53.91,3.04,21.75,0.47,6.78,0.049,0.008,2.410,121352.700,Ontario
Sep-12,209,17.32,132.23,3.68,17.37,0.50,10.60,0.049,0.008,0.533,151495.024,Ontario
Oct-12,103,10.27,112.92,4.43,10.19,0.48,14.88,0.049,0.008,0.500,128916.253,Ontario
Nov-12,93,3.93,24.63,5.01,7.35,0.60,12.56,0.049,0.008,0.500,57359.725,Ontario
Dec-12,47,1.78,116.23,4.65,0.49,0.25,15.72,0.049,0.007,0.500,105574.529,Ontario
Jan-16,99,-2.00,61.34,5.65,1.71,32.35,15.77,0.046,0.008,0.500,0.000,Ontario
Feb-16,138,-1.96,95.38,5.32,0.00,50.00,15.00,0.028,0.007,0.592,0.000,Ontario
Mar-16,181,1.87,81.29,4.01,0.00,50.00,12.74,0.028,0.007,0.896,0.000,Ontario
Apr-16,121,3.59,48.80,3.85,3.28,24.70,11.58,0.029,0.007,0.651,67107.453,Ontario
May-16,154,11.97,37.70,2.75,4.98,36.41,11.11,0.049,0.005,0.980,10811.616,Ontario
Jun-16,239,18.00,49.44,3.29,9.05,23.50,8.27,0.049,0.005,0.805,10641.197,Ontario
Jul-16,274,22.28,36.60,2.90,14.93,29.35,9.10,0.051,0.006,1.240,58362.391,Ontario
Aug-16,214,23.61,87.28,3.00,18.86,50.00,7.61,0.049,0.008,1.535,38028.486,Ontario
Sep-16,180,19.77,65.01,3.73,15.85,35.97,11.97,0.049,0.008,0.674,46035.149,Ontario
Oct-16,119,12.59,111.02,4.48,11.20,41.46,11.07,0.049,0.008,0.500,29414.415,Ontario
Nov-16,101,6.97,60.41,4.58,5.58,38.17,13.91,0.049,0.008,0.500,14510.922,Ontario
Dec-16,76,0.00,84.40,6.39,4.22,50.00,15.99,0.049,0.007,0.500,36379.726,Ontario
Jan-17,56,-0.60,90.26,5.41,1.36,50.00,14.31,0.046,0.008,0.500,31836.441,Ontario
Feb-17,128,0.39,69.83,5.48,0.00,50.00,15.87,0.028,0.007,1.182,11640.291,Ontario
Mar-17,142,0.01,74.62,5.62,2.45,50.00,15.21,0.028,0.007,0.827,9934.713,Ontario
Apr-17,183,6.74,133.48,4.20,0.62,50.00,11.51,0.014,0.006,1.008,10397.009,Ontario
May-17,179,9.93,164.20,3.39,3.67,50.00,9.54,0.049,0.005,2.882,12883.830,Ontario
Jun-17,235,17.19,139.95,3.16,9.86,50.00,9.56,0.049,0.005,2.075,10382.258,Ontario
Jul-17,219,20.65,107.47,2.78,16.57,50.00,8.58,0.051,0.006,0.905,22767.115,Ontario
Aug-17,211,20.35,75.72,3.45,20.01,50.00,9.54,0.049,0.008,1.843,32948.467,Ontario
Sep-17,239,18.78,48.72,2.74,16.53,48.23,8.52,0.049,0.008,0.500,32741.281,Ontario
Oct-17,136,13.72,159.93,4.71,12.06,50.00,10.23,0.049,0.008,0.500,16018.659,Ontario
Nov-17,79,4.35,86.70,4.98,6.63,50.00,14.59,0.049,0.008,0.500,16836.107,Ontario
Dec-17,81,-1.84,84.43,5.57,4.42,50.00,15.30,0.049,0.007,0.500,11248.131,Ontario
Jan-18,117,-3.48,86.13,6.25,1.28,50.00,16.00,0.046,0.008,0.500,38409.081,Ontario
Feb-18,136,-1.07,81.00,5.10,0.69,50.00,15.74,0.028,0.007,0.500,36155.073,Ontario
Mar-18,196,0.23,53.55,5.05,0.17,42.25,13.71,0.028,0.007,0.634,10874.806,Ontario
Apr-18,171,3.20,112.88,4.50,1.41,50.00,13.32,0.028,0.007,0.800,11540.682,Ontario
May-18,270,13.57,62.26,2.92,4.45,0.41,10.95,0.055,0.004,1.625,8836.733,Ontario
Jun-18,253,18.45,60.20,3.01,10.75,33.56,9.47,0.049,0.005,2.207,17179.380,Ontario
Jul-18,286,23.75,58.01,3.06,15.07,44.01,7.65,0.051,0.006,1.529,55374.402,Ontario
Aug-18,185,23.94,104.70,3.40,20.89,50.00,9.18,0.056,0.006,2.512,45958.124,Ontario
Sep-18,179,20.29,74.77,3.81,18.75,50.00,11.96,0.049,0.008,0.723,56308.700,Ontario
Oct-18,90,11.12,91.93,5.14,11.00,50.00,12.63,0.049,0.008,0.500,38216.433,Ontario
Nov-18,61,2.84,142.07,4.99,6.60,50.00,12.55,0.049,0.008,0.500,18161.180,Ontario
Dec-18,48,0.87,77.31,4.34,4.79,50.00,15.61,0.049,0.007,0.500,15104.950,Ontario
Jan-19,76,-4.42,81.78,6.19,2.31,50.00,14.26,0.046,0.008,0.500,15835.298,Ontario
Feb-19,84,-2.98,72.32,6.12,4.39,50.00,14.90,0.028,0.007,0.736,8098.675,Ontario
Mar-19,173,-0.17,60.50,4.70,0.00,43.06,15.99,0.028,0.007,0.562,11403.766,Ontario
Apr-19,128,5.29,96.86,4.17,3.25,50.00,11.37,0.028,0.007,1.118,12596.333,Ontario
May-19,148,9.82,124.55,3.03,4.86,50.00,12.22,0.049,0.005,1.496,10726.801,Ontario
Jun-19,259,16.04,107.45,2.68,8.69,50.00,10.14,0.049,0.005,1.467,20484.743,Ontario
Jul-19,265,23.36,80.80,2.71,15.30,50.00,9.45,0.051,0.006,0.510,60625.264,Ontario
Aug-19,287,22.09,76.24,3.23,16.00,50.00,11.36,0.049,0.008,1.213,39913.735,Ontario
Sep-19,172,19.12,78.21,3.66,17.56,50.00,9.57,0.049,0.008,0.665,59708.405,Ontario
Oct-19,161,12.78,139.79,4.62,12.86,50.00,10.75,0.049,0.008,0.500,16302.288,Ontario
Nov-19,83,2.91,56.47,5.12,8.28,45.32,12.42,0.049,0.008,0.500,11598.945,Ontario
Dec-19,59,0.85,98.83,5.22,1.71,50.00,14.94,0.049,0.007,0.500,14506.558,Ontario
Jan-20,40,-0.35,81.49,5.16,0.00,50.00,16.00,0.046,0.008,0.500,11931.004,Ontario
Feb-20,82,-1.72,60.84,5.59,0.58,34.54,15.77,0.028,0.007,0.500,9746.234,Ontario
Mar-20,127,2.96,69.71,4.56,1.50,49.57,14.34,0.028,0.007,0.576,12351.089,Ontario
Apr-20,179,5.38,72.69,4.37,2.46,44.82,13.63,0.028,0.007,1.255,13428.409,Ontario
May-20,220,10.78,63.72,3.38,3.55,31.71,11.53,0.049,0.005,1.122,10832.999,Ontario
Jun-20,352,19.35,43.67,2.93,9.33,24.01,11.21,0.049,0.005,1.351,9249.767,Ontario
Jul-20,300,25.09,67.96,2.95,15.40,48.19,8.13,0.051,0.006,1.183,118076.171,Ontario
Aug-20,281,23.16,113.40,3.34,20.67,50.00,11.81,0.049,0.008,2.496,40385.790,Ontario
Sep-20,208,18.32,50.50,4.06,16.61,32.66,10.75,0.049,0.008,0.857,27005.468,Ontario
Oct-20,127,11.30,89.31,4.53,11.51,50.00,10.91,0.049,0.008,0.500,13951.196,Ontario
Nov-20,112,7.49,61.89,5.13,5.71,44.01,12.97,0.049,0.008,0.500,12686.040,Ontario
Dec-20,72,1.30,85.05,5.65,0.21,50.00,16.00,0.049,0.007,0.500,16896.084,Ontario
Jan-21,77,-1.03,81.42,4.70,2.20,50.00,15.20,0.046,0.008,0.753,23295.678,Ontario
Feb-21,155,-3.48,80.97,5.53,1.20,50.00,15.98,0.028,0.007,0.549,9445.124,Ontario
Mar-21,217,3.08,81.06,4.89,0.30,50.00,15.05,0.028,0.007,0.500,12481.675,Ontario
Apr-21,165,6.75,81.02,3.63,1.00,50.00,13.11,0.028,0.007,0.531,11106.888,Ontario
May-21,241,12.57,81.07,3.01,2.70,50.00,10.80,0.049,0.005,1.199,12695.833,Ontario
Jun-21,250,19.92,81.10,3.42,7.80,50.00,8.07,0.049,0.005,2.840,13816.519,Ontario
Jul-21,205,21.89,82.85,3.10,17.20,50.00,7.65,0.051,0.006,2.191,68678.518,Ontario
Aug-21,230,24.58,83.15,2.93,20.60,50.00,8.96,0.054,0.008,2.514,77977.348,Ontario
Sep-21,223,19.81,81.72,4.29,17.40,50.00,10.92,0.049,0.008,0.500,33270.752,Ontario
Oct-21,94,15.05,81.29,4.15,9.80,47.06,12.61,0.049,0.008,0.500,19416.738,Ontario
Nov-21,123,6.16,81.22,4.95,7.30,36.50,12.27,0.049,0.008,0.500,17061.305,Ontario
Dec-21,70,2.57,81.02,5.33,3.10,47.97,15.61,0.049,0.007,0.500,10839.638,Ontario
Jan-16,319,11.44,110.74,5.02,11.27,9.40,10.82,1.604,0.054,1.989,148851.079,Pontchartrain
Feb-16,423,13.71,100.20,4.98,12.18,20.20,10.62,1.470,0.091,2.324,91016.433,Pontchartrain
Mar-16,411,18.83,184.57,4.95,16.93,59.50,9.96,1.300,0.170,10.688,280861.948,Pontchartrain
Apr-16,514,21.07,205.66,4.73,20.44,71.00,8.87,1.198,0.230,16.107,836860.550,Pontchartrain
May-16,607,24.30,142.38,3.78,22.99,27.50,8.77,1.088,0.120,17.334,75146.243,Pontchartrain
Jun-16,587,27.91,195.12,3.02,28.70,12.30,6.89,0.973,0.110,19.980,248417.365,Pontchartrain
Jul-16,588,29.06,105.47,2.87,30.47,4.60,7.15,0.860,0.158,15.911,587601.701,Pontchartrain
Aug-16,513,28.43,263.67,3.48,30.43,2.50,7.28,0.954,0.120,12.607,826776.213,Pontchartrain
Sep-16,542,27.62,110.74,2.89,28.72,8.80,7.26,1.396,0.069,9.268,393207.351,Pontchartrain
Oct-16,505,23.23,0.00,3.55,24.00,16.40,8.20,0.877,0.180,8.720,232630.752,Pontchartrain
Nov-16,359,18.60,63.28,4.04,21.30,13.10,8.21,0.824,0.140,3.619,81739.280,Pontchartrain
Dec-16,224,14.75,189.84,4.63,13.51,12.70,10.60,0.786,0.200,1.837,48999.274,Pontchartrain
Jan-17,296,14.85,147.66,5.01,10.29,60.50,11.20,0.884,0.150,2.027,77440.890,Pontchartrain
Feb-17,393,17.06,52.73,4.35,17.29,11.40,10.30,1.088,0.140,5.434,86489.045,Pontchartrain
Mar-17,471,18.75,89.65,4.73,16.60,80.50,9.30,1.197,0.240,18.295,177922.540,Pontchartrain
Apr-17,586,22.12,116.02,4.91,21.80,16.90,8.60,1.197,0.079,13.691,408215.520,Pontchartrain
May-17,604,23.83,237.30,4.25,22.00,26.90,8.90,2.562,0.054,19.270,169885.914,Pontchartrain
Jun-17,531,26.49,342.77,4.34,26.60,12.70,7.70,1.208,0.100,44.564,101560.899,Pontchartrain
Jul-17,604,28.33,137.11,2.83,29.60,2.80,5.20,2.561,0.063,3.843,77597.274,Pontchartrain
Aug-17,479,28.46,311.13,3.61,29.90,2.60,7.40,1.065,0.088,20.633,151169.833,Pontchartrain
Sep-17,579,26.01,26.37,3.20,23.90,21.20,8.20,0.828,0.099,12.219,93967.436,Pontchartrain
Oct-17,449,22.52,116.02,4.71,26.70,3.10,8.60,0.734,0.094,9.769,24588.832,Pontchartrain
Nov-17,355,17.61,15.82,3.85,18.40,8.30,9.10,1.500,0.064,2.241,51656.135,Pontchartrain
Dec-17,234,12.77,121.29,4.32,16.70,2.90,9.70,0.753,0.078,3.920,106736.627,Pontchartrain
Jan-18,313,9.11,116.02,5.06,8.00,14.00,12.10,0.503,0.130,10.000,42435.012,Pontchartrain
Feb-18,302,18.19,110.74,4.87,10.80,21.40,11.30,1.120,0.180,8.000,211199.004,Pontchartrain
Mar-18,507,17.68,89.65,4.77,17.70,29.00,9.00,1.186,0.120,20.000,598809.157,Pontchartrain
Apr-18,619,19.02,142.38,4.59,17.10,32.10,8.90,1.200,0.153,16.000,451729.272,Pontchartrain
May-18,667,26.32,26.37,3.15,24.20,15.20,6.60,2.360,0.061,16.500,455973.379,Pontchartrain
Jun-18,616,28.70,79.10,3.38,29.00,6.80,7.20,0.947,0.140,12.000,120644.821,Pontchartrain
Jul-18,606,29.07,121.29,3.05,30.20,3.30,7.30,0.860,0.158,14.000,426546.598,Pontchartrain
Aug-18,545,28.47,168.75,3.20,29.80,7.10,7.30,1.131,0.084,13.000,385409.255,Pontchartrain
Sep-18,473,28.03,126.56,3.10,30.50,3.10,8.10,0.846,0.230,12.200,166570.612,Pontchartrain
Oct-18,428,23.98,100.20,4.46,27.70,12.80,7.30,0.734,0.094,8.000,52078.748,Pontchartrain
Nov-18,282,15.77,163.48,4.37,21.40,3.50,9.50,0.870,0.220,9.000,63884.933,Pontchartrain
Dec-18,235,13.41,174.02,4.80,12.00,31.20,9.20,0.676,0.088,6.000,44071.011,Pontchartrain
Jan-19,292,11.47,79.10,4.48,14.80,6.90,10.40,0.615,0.160,2.392,75176.043,Pontchartrain
Feb-19,264,16.21,105.47,4.95,12.20,11.50,11.60,0.550,0.081,2.240,57567.367,Pontchartrain
Mar-19,441,16.00,58.01,4.65,13.10,45.10,10.00,0.584,0.083,13.511,91182.646,Pontchartrain
Apr-19,569,19.93,158.20,4.74,17.20,24.00,9.20,1.770,0.100,26.569,85362.827,Pontchartrain
May-19,626,25.44,142.38,4.12,24.90,7.00,8.50,1.152,0.084,15.669,265259.296,Pontchartrain
Jun-19,620,28.23,100.20,3.52,29.80,20.40,13.30,1.090,0.110,18.663,258844.038,Pontchartrain
Jul-19,585,28.38,189.84,4.02,30.60,5.60,10.30,3.070,0.069,6.954,138125.760,Pontchartrain
Aug-19,568,29.08,189.84,2.87,30.40,3.70,9.80,1.530,0.056,7.577,316068.233,Pontchartrain
Sep-19,572,28.63,15.82,3.59,30.40,2.00,6.40,0.812,0.140,16.530,183810.115,Pontchartrain
Oct-19,376,23.55,216.21,3.99,27.70,10.90,6.60,0.866,0.160,7.123,63956.293,Pontchartrain
Nov-19,369,14.90,21.09,4.28,13.40,34.00,9.80,0.741,0.130,1.061,183564.985,Pontchartrain
Dec-19,254,13.73,58.01,4.67,13.00,63.00,10.20,0.890,0.170,1.695,405159.627,Pontchartrain
Jan-20,267,14.19,110.74,4.70,13.30,26.60,10.10,1.050,0.120,4.627,288130.375,Pontchartrain
Feb-20,328,14.38,100.20,5.01,15.80,70.00,9.80,1.150,0.220,4.815,205928.062,Pontchartrain
Mar-20,439,20.70,31.64,4.52,16.10,29.20,9.80,1.230,0.130,19.983,119876.470,Pontchartrain
Apr-20,568,21.40,100.20,4.69,20.25,50.00,10.41,1.154,0.144,19.327,350347.799,Pontchartrain
May-20,635,24.08,126.56,4.32,21.80,53.50,8.40,1.000,0.130,3.350,166925.051,Pontchartrain
Jun-20,593,27.23,216.21,4.06,27.80,16.10,8.70,0.930,0.131,2.783,282103.841,Pontchartrain
Jul-20,543,28.09,242.58,3.92,29.80,11.80,7.70,1.025,0.094,18.510,275544.348,Pontchartrain
Aug-20,591,28.70,131.84,3.34,30.80,7.50,7.80,1.898,0.055,20.710,292537.211,Pontchartrain
Sep-20,455,26.18,79.10,5.02,27.20,8.10,7.60,1.466,0.068,13.070,70912.135,Pontchartrain
Oct-20,444,22.44,105.47,4.78,22.50,3.20,8.50,0.590,0.077,3.541,102619.588,Pontchartrain
Nov-20,348,18.43,73.83,4.48,18.50,3.10,9.30,0.735,0.069,2.466,34491.443,Pontchartrain
Dec-20,294,12.22,105.47,4.44,13.50,5.10,10.00,1.574,0.062,1.716,35260.993,Pontchartrain
Jan-21,306,11.84,47.46,4.66,13.46,1.70,10.56,1.464,0.063,5.960,39938.893,Pontchartrain
Feb-21,304,11.43,105.47,4.89,12.80,5.90,10.50,1.118,0.097,5.276,47064.762,Pontchartrain
Mar-21,415,17.91,232.03,4.98,14.90,6.40,11.10,1.447,0.064,4.436,68720.170,Pontchartrain
Apr-21,555,20.05,285.49,4.64,19.20,5.60,9.70,1.937,0.072,15.294,55324.481,Pontchartrain
May-21,546,24.02,308.78,4.75,24.80,19.00,7.50,0.900,0.330,15.210,230079.830,Pontchartrain
Jun-21,561,27.19,318.42,4.14,26.80,21.40,7.60,0.830,0.170,13.872,377171.318,Pontchartrain
Jul-21,526,28.21,205.37,3.01,28.80,14.30,7.70,0.714,0.120,16.688,307387.824,Pontchartrain
Aug-21,543,28.97,368.77,3.73,30.20,11.10,8.30,0.954,0.110,21.726,544783.124,Pontchartrain
Sep-21,481,26.05,254.11,3.63,27.95,50.00,9.11,0.729,0.094,12.437,42115.493,Pontchartrain
Oct-21,432,23.69,86.50,3.77,25.94,50.00,10.07,0.877,0.179,10.735,220241.777,Pontchartrain
Nov-21,372,15.88,17.19,3.74,18.20,21.10,9.70,0.750,0.079,1.925,762172.312,Pontchartrain
Dec-21,253,17.58,52.17,3.98,17.00,26.00,9.80,0.680,0.077,2.696,429717.006,Pontchartrain
Apr-16,470,10.25,52.73,1.62,10.34,1.49,10.48,0.492,0.011,1.050,0.000,Sammamish
May-16,545,12.01,79.10,1.56,11.75,1.83,9.21,0.493,0.014,2.258,859.277,Sammamish
Jun-16,610,14.24,79.10,1.48,13.37,4.00,8.18,0.438,0.010,4.988,487.623,Sammamish
Jul-16,565,15.73,31.64,1.27,14.08,3.96,6.93,0.400,0.012,3.300,155.962,Sammamish
Aug-16,576,17.42,15.82,1.39,15.03,6.33,6.15,0.357,0.012,2.717,1674.055,Sammamish
Sep-16,408,13.10,68.55,1.45,14.46,2.73,5.14,0.339,0.021,1.692,770.355,Sammamish
Oct-16,177,8.88,316.41,2.23,13.44,1.81,5.84,0.317,0.028,1.954,2669.290,Sammamish
Nov-16,110,6.83,237.30,2.35,11.72,4.73,6.89,0.361,0.022,1.321,3060.225,Sammamish
Dec-16,94,-1.74,210.94,2.16,9.34,9.47,9.14,0.400,0.017,0.750,3830.531,Sammamish
Jan-17,130,-2.17,89.65,2.54,6.36,3.43,10.46,0.426,0.017,0.700,21197.926,Sammamish
Feb-17,175,0.83,226.76,2.39,5.43,4.00,11.68,0.450,0.017,3.125,24258.696,Sammamish
Mar-17,226,3.72,321.68,2.20,6.63,6.41,12.45,0.529,0.015,12.750,0.000,Sammamish
Apr-17,367,6.44,163.48,2.03,8.75,5.95,12.99,0.491,0.011,15.792,0.000,Sammamish
May-17,555,11.71,89.65,1.50,10.83,1.89,11.01,0.446,0.011,1.850,341.567,Sammamish
Jun-17,594,14.03,63.28,1.41,13.06,5.31,9.52,0.438,0.010,3.507,597.616,Sammamish
Jul-17,716,16.63,0.00,1.29,13.19,4.08,8.37,0.375,0.011,3.121,1481.777,Sammamish
Aug-17,594,19.18,10.55,1.27,14.41,2.46,7.41,0.378,0.010,2.600,1590.996,Sammamish
Sep-17,385,15.44,52.73,1.52,13.68,2.39,6.44,0.326,0.013,1.958,309.133,Sammamish
Oct-17,266,8.67,210.94,1.91,12.24,4.51,5.66,0.302,0.023,2.800,921.239,Sammamish
Nov-17,95,3.95,300.59,2.48,10.46,7.37,8.57,0.293,0.020,2.499,1391.021,Sammamish
Dec-17,104,0.26,205.66,2.45,8.82,6.25,8.75,0.382,0.021,1.610,3342.910,Sammamish
Jan-18,90,2.93,300.59,2.71,7.26,4.25,9.86,0.423,0.016,1.330,785.012,Sammamish
Feb-18,194,0.56,205.66,1.91,7.29,4.00,10.89,0.467,0.015,2.350,7567.168,Sammamish
Mar-18,314,3.69,116.02,1.84,7.38,7.02,12.73,0.478,0.017,20.029,275.690,Sammamish
Apr-18,377,6.97,226.76,2.07,8.89,4.37,12.17,0.393,0.012,7.282,1027.735,Sammamish
May-18,579,13.05,31.64,1.27,11.68,1.47,9.92,0.393,0.010,1.250,597.770,Sammamish
Jun-18,554,13.37,47.46,1.44,12.35,4.08,8.09,0.314,0.014,3.725,515.145,Sammamish
Jul-18,697,18.44,5.27,1.40,14.27,1.66,7.19,0.308,0.013,3.092,2750.749,Sammamish
Aug-18,522,17.82,15.82,1.40,14.26,2.24,7.57,0.275,0.013,2.306,445.610,Sammamish
Sep-18,398,13.41,42.19,1.54,13.36,2.40,6.75,0.256,0.021,1.807,827.177,Sammamish
Oct-18,248,9.75,147.66,1.66,12.66,1.97,7.33,0.245,0.035,2.110,6282.065,Sammamish
Nov-18,136,5.53,216.21,2.25,11.52,2.19,8.17,0.274,0.054,2.550,4936.117,Sammamish
Dec-18,88,1.76,263.67,2.50,9.44,11.49,7.54,0.298,0.037,1.783,34846.044,Sammamish
Jan-19,121,2.76,142.38,2.65,8.12,7.30,9.67,0.330,0.021,1.900,4110.456,Sammamish
Feb-19,179,-1.76,137.11,1.97,6.16,4.94,10.46,0.377,0.019,2.367,5260.110,Sammamish
Mar-19,378,3.54,31.64,1.99,6.55,3.39,11.54,0.362,0.015,6.743,2087.394,Sammamish
Apr-19,401,7.32,137.11,1.70,8.59,6.02,11.35,0.326,0.012,8.821,206.056,Sammamish
May-19,555,12.55,42.19,1.44,11.13,2.97,9.17,0.343,0.010,3.983,1770.067,Sammamish
Jun-19,612,13.68,52.73,1.45,12.31,4.12,8.15,0.310,0.010,4.367,233.575,Sammamish
Jul-19,548,16.12,15.82,1.30,13.24,1.74,7.35,0.249,0.011,2.429,1675.181,Sammamish
Aug-19,521,17.80,26.37,1.22,13.92,1.31,7.10,0.255,0.012,1.708,873.772,Sammamish
Sep-19,326,13.69,105.47,1.42,13.92,1.09,7.06,0.243,0.013,1.402,149.375,Sammamish
Oct-19,254,6.94,163.48,1.87,11.52,1.31,7.01,0.249,0.025,1.745,3333.952,Sammamish
Nov-19,158,4.90,84.38,1.91,10.20,1.63,8.32,0.254,0.029,1.530,4994.045,Sammamish
Dec-19,70,2.59,226.76,1.93,8.88,4.78,7.99,0.272,0.023,1.371,905.302,Sammamish
Jan-20,84,2.34,442.97,2.66,7.20,9.18,10.42,0.425,0.020,0.880,0.000,Sammamish
Feb-20,200,1.83,305.86,1.98,7.43,26.30,10.87,0.488,0.029,1.280,737.867,Sammamish
Mar-20,324,3.24,137.11,1.75,7.57,8.16,11.16,0.500,0.018,2.708,675.563,Sammamish
Apr-20,479,7.70,79.10,1.66,9.20,4.70,10.83,0.406,0.013,5.560,161.480,Sammamish
May-20,520,11.42,163.48,1.78,10.63,4.59,9.95,0.389,0.014,4.938,662.503,Sammamish
Jun-20,561,12.87,116.02,1.54,12.86,1.65,7.54,0.384,0.013,1.530,1454.349,Sammamish
Jul-20,624,16.15,26.37,1.36,14.00,3.66,6.37,0.366,0.011,3.800,353.645,Sammamish
Aug-20,592,16.44,15.82,1.32,14.69,2.88,6.19,0.301,0.016,2.495,960.204,Sammamish
Sep-20,373,15.84,110.74,1.62,14.44,1.30,5.52,0.307,0.027,2.094,1076.075,Sammamish
Oct-20,248,9.38,226.76,1.72,13.39,1.51,6.52,0.282,0.033,2.455,2154.365,Sammamish
Nov-20,121,4.13,274.22,2.23,11.39,3.66,7.81,0.283,0.029,1.439,9710.131,Sammamish
Dec-20,93,2.68,263.67,2.58,9.49,5.25,7.75,0.300,0.033,1.325,37278.771,Sammamish
Jan-21,108,2.57,247.85,2.21,8.30,5.28,10.45,0.355,0.026,1.817,1242.964,Sammamish
Feb-21,176,0.19,305.86,2.49,7.60,4.73,10.87,0.465,0.022,3.167,0.000,Sammamish
Mar-21,331,3.52,116.02,1.84,7.43,4.69,11.84,0.421,0.018,10.319,328.169,Sammamish
Apr-21,529,7.90,57.40,1.67,9.05,6.66,12.04,0.408,0.021,11.429,372.278,Sammamish
May-21,564,10.37,79.67,1.63,10.49,3.16,9.86,0.348,0.012,2.157,448.247,Sammamish
Jun-21,679,16.75,70.02,1.48,12.94,3.00,8.00,0.326,0.010,5.592,537.875,Sammamish
Jul-21,686,17.96,6.40,1.25,14.65,1.74,7.76,0.289,0.015,3.792,1382.919,Sammamish
Aug-21,529,17.40,26.08,1.46,14.57,1.63,6.98,0.272,0.028,3.857,33.722,Sammamish
Sep-21,383,14.31,121.48,1.59,13.46,2.46,6.47,0.232,0.022,2.700,1121.067,Sammamish
Oct-21,214,8.17,197.49,1.95,12.40,1.62,6.84,0.233,0.033,2.239,4560.930,Sammamish
Nov-21,100,5.52,395.76,2.52,10.99,5.05,8.37,0.266,0.026,1.952,1426.740,Sammamish
Dec-21,84,-0.26,266.24,1.96,9.30,5.28,9.50,0.299,0.028,1.408,3671.761,Sammamish
Jan-22,117,1.99,306.40,2.29,6.55,9.77,10.76,0.420,0.030,1.413,10465.762,Sammamish
Feb-22,203,1.76,167.51,1.82,6.68,4.00,11.19,0.420,0.021,1.717,460.780,Sammamish
Mar-22,291,5.30,154.11,1.55,7.61,16.66,11.64,0.446,0.018,7.583,0.000,Sammamish
Apr-22,416,4.60,165.35,2.00,9.01,5.74,11.27,0.398,0.014,6.621,830.990,Sammamish
May-22,455,8.61,179.68,1.59,10.68,2.90,10.01,0.371,0.012,3.289,0.000,Sammamish
Jun-22,525,13.58,141.89,1.51,12.59,6.49,8.14,0.378,0.019,7.321,0.000,Sammamish
Jul-22,659,18.12,22.08,1.23,13.66,4.08,6.95,0.384,0.014,4.914,0.000,Sammamish
Aug-22,598,19.35,14.09,1.32,14.74,1.72,6.38,0.309,0.012,1.633,0.000,Sammamish
Sep-22,444,16.04,8.45,1.45,14.63,1.66,5.74,0.295,0.019,1.590,0.000,Sammamish
Oct-22,283,13.41,126.74,1.66,13.65,1.58,5.81,0.240,0.014,2.318,0.000,Sammamish
Nov-22,148,2.11,259.13,2.28,10.60,4.71,7.43,0.270,0.019,1.873,2571.550,Sammamish
Dec-22,82,-0.38,249.93,2.34,8.28,3.56,9.00,0.297,0.016,1.090,5643.993,Sammamish
Jan-23,109,1.71,250.19,2.52,7.00,3.77,10.55,0.327,0.014,1.842,18267.924,Sammamish
Feb-23,186,1.15,225.83,2.13,6.76,3.19,11.44,0.378,0.018,4.425,9433.739,Sammamish
Mar-23,308,4.07,154.61,1.95,6.73,2.92,12.15,0.360,0.015,6.354,3549.311,Sammamish
Apr-23,434,7.31,125.99,1.82,8.22,2.40,11.55,0.347,0.011,3.617,0.000,Sammamish
May-23,539,11.39,95.06,1.54,10.57,2.11,10.69,0.332,0.009,5.532,281.046,Sammamish
May-17,326,14.76,4.83,1.91,17.90,40.26,7.74,0.615,0.117,22.990,5857.870,Utah
Jun-17,371,22.18,1.27,2.17,19.60,28.14,7.87,0.609,0.132,18.843,20191.631,Utah
Jul-17,293,27.18,15.75,1.64,25.53,64.14,8.11,0.546,0.177,35.343,185044.944,Utah
Aug-17,279,25.20,7.87,1.71,23.30,41.74,6.08,0.689,0.197,32.418,31413.369,Utah
Sep-17,233,18.03,55.63,1.74,22.86,31.42,9.77,0.543,0.136,37.554,61675.600,Utah
Oct-17,288,10.00,1.52,1.84,9.17,53.05,9.02,0.559,0.102,32.578,2106.925,Utah
Nov-17,164,7.46,12.70,1.83,6.68,27.77,12.86,0.629,0.124,4.173,2901.660,Utah
Dec-17,190,1.64,7.62,1.57,7.08,46.58,12.40,0.629,0.132,2.911,3866.669,Utah
Jan-18,144,3.08,11.68,1.61,6.46,43.53,15.78,0.661,0.157,2.232,13023.220,Utah
Feb-18,142,1.65,6.10,2.02,9.36,33.26,12.19,0.644,0.148,14.294,9831.778,Utah
Mar-18,200,5.55,29.97,2.26,12.80,50.00,10.74,0.665,0.175,10.548,478.149,Utah
Apr-18,227,10.79,33.27,2.26,12.65,50.00,7.98,0.633,0.139,21.276,0.000,Utah
May-18,268,17.30,39.88,1.72,17.29,43.08,7.72,0.567,0.123,18.277,25590.782,Utah
Jun-18,438,23.31,0.00,2.14,20.40,56.26,7.28,0.445,0.157,33.091,187522.195,Utah
Jul-18,324,28.70,9.40,1.68,26.27,61.80,7.27,0.476,0.190,34.687,747953.094,Utah
Aug-18,256,26.13,16.51,1.75,23.81,65.84,9.27,0.689,0.212,32.174,2265510.855,Utah
Sep-18,313,22.04,1.52,1.94,20.26,53.87,7.20,0.659,0.181,36.493,541925.801,Utah
Oct-18,207,11.08,62.48,1.62,11.32,76.06,8.37,0.934,0.168,31.134,11509.068,Utah
Nov-18,220,3.88,26.42,1.44,4.01,28.88,9.59,0.558,0.064,11.029,5297.878,Utah
Dec-18,138,-0.87,8.64,1.42,5.65,34.98,13.89,0.629,0.132,3.305,7977.553,Utah
Jan-19,154,-1.57,46.23,1.62,9.04,50.00,13.41,0.661,0.157,6.467,7843.234,Utah
Feb-19,113,-1.19,18.29,2.51,9.82,50.00,10.96,0.644,0.148,11.804,13345.793,Utah
Mar-19,179,4.46,43.94,1.83,9.96,50.00,11.76,0.665,0.175,12.372,4214.470,Utah
Apr-19,183,10.46,25.65,1.90,11.29,63.06,8.99,0.808,0.124,9.113,8061.528,Utah
May-19,236,12.91,65.28,1.72,18.37,23.77,7.98,0.837,0.094,11.343,6787.550,Utah
Jun-19,336,19.87,0.51,1.87,21.56,49.59,7.28,0.697,0.142,34.454,54172.245,Utah
Jul-19,350,26.42,4.57,1.73,22.92,69.45,6.87,0.614,0.201,38.793,50959.385,Utah
Aug-19,370,26.23,0.76,1.72,23.69,64.48,7.21,0.444,0.109,10.421,101286.144,Utah
Sep-19,297,19.82,10.67,1.89,18.21,64.53,11.02,0.816,0.109,32.616,248333.437,Utah
Oct-19,296,7.96,2.29,1.86,9.17,44.75,8.31,0.751,0.109,21.335,7088.366,Utah
Nov-19,201,6.76,19.30,1.51,4.97,21.64,10.72,0.722,0.071,27.661,9721.614,Utah
Dec-19,123,-0.40,22.61,1.45,6.88,50.00,13.44,0.629,0.132,3.580,16928.994,Utah
Jan-20,114,-0.18,18.03,1.66,5.98,47.01,13.82,0.661,0.157,3.544,31195.139,Utah
Feb-20,225,0.13,9.14,1.81,7.84,37.63,12.15,0.644,0.148,7.276,14167.499,Utah
Mar-20,173,6.13,26.16,2.04,7.79,49.13,10.62,0.590,0.094,13.010,1229.025,Utah
Apr-20,274,10.41,1.52,2.05,10.14,73.70,9.04,0.665,0.123,15.820,5788.316,Utah
May-20,282,16.78,5.59,2.14,16.75,57.36,7.75,0.701,0.176,21.831,20336.192,Utah
Jun-20,324,21.08,12.19,2.13,19.83,44.03,7.24,0.638,0.146,38.161,108451.151,Utah
Jul-20,414,27.15,1.02,1.89,24.36,34.45,8.02,0.525,0.138,25.233,467918.211,Utah
Aug-20,367,28.59,0.00,1.80,24.96,63.26,7.63,0.691,0.225,40.046,1443212.061,Utah
Sep-20,313,21.25,0.25,1.71,18.94,58.48,7.47,0.645,0.209,41.426,458669.076,Utah
Oct-20,296,13.89,0.00,1.72,17.31,42.39,7.52,0.648,0.241,28.069,38604.844,Utah
Nov-20,210,5.77,1.27,1.84,5.08,38.52,16.00,0.629,0.124,2.956,5111.879,Utah
Dec-20,173,-0.43,4.57,1.40,6.42,42.54,14.28,0.629,0.132,8.303,22666.498,Utah
Jan-21,160,0.10,14.73,1.64,3.80,50.00,13.62,0.661,0.157,5.788,15849.372,Utah
Feb-21,170,-0.06,22.61,1.92,5.97,49.26,11.68,0.640,0.141,17.274,16037.721,Utah
Mar-21,253,5.21,16.26,2.02,7.38,60.34,9.79,0.674,0.207,34.814,2483.487,Utah
Apr-21,283,10.47,26.16,2.05,16.37,49.13,11.72,0.640,0.141,24.889,1824.430,Utah
May-21,320,16.58,4.32,2.01,16.38,49.20,11.70,0.640,0.141,24.889,9507.414,Utah
Jun-21,367,25.97,4.83,1.93,16.57,50.82,11.18,0.645,0.146,16.314,194086.491,Utah
Jul-21,278,29.29,12.70,1.54,23.54,50.00,8.64,0.610,0.171,90.368,2225756.470,Utah
Aug-21,296,24.93,41.40,1.80,22.25,50.00,6.97,0.669,0.199,86.327,1939311.654,Utah
Sep-21,326,21.46,10.92,1.69,21.04,37.02,9.77,0.652,0.210,14.063,1596628.118,Utah
Oct-21,189,11.28,54.36,1.80,17.42,58.15,8.81,0.666,0.172,39.556,1029004.634,Utah
Nov-21,182,8.01,9.40,1.40,16.41,49.48,11.61,0.641,0.142,33.981,41081.007,Utah
Dec-21,143,0.82,29.46,1.95,16.38,49.18,11.71,0.640,0.141,32.752,6938.252,Utah
Jan-07,298,-1.85,10.55,2.81,4.53,6.40,15.23,3.532,1.081,0.500,193392.602,Walker
Feb-07,362,1.93,21.09,3.42,5.81,16.40,13.32,3.284,1.086,0.500,193392.634,Walker
Mar-07,534,7.24,10.55,2.94,7.73,1.39,12.69,3.378,1.022,2.420,193392.671,Walker
Apr-07,611,8.66,10.55,3.47,10.98,6.65,11.89,3.415,1.049,0.743,46842.959,Walker
May-07,809,14.96,0.00,3.04,13.37,1.30,8.54,3.586,1.055,1.161,193392.642,Walker
Jun-07,854,20.51,0.00,2.89,16.57,2.54,6.98,3.867,0.963,0.500,360638.597,Walker
Jul-07,772,25.61,0.00,2.47,20.05,3.28,7.58,3.562,1.049,1.961,130328.259,Walker
Aug-07,709,23.37,10.55,2.45,19.88,7.43,10.51,3.385,1.062,1.237,91115.856,Walker
Sep-07,603,15.95,0.00,3.05,18.88,1.04,5.77,3.200,1.022,2.900,65608.844,Walker
Oct-07,457,9.63,0.00,2.95,13.03,1.20,12.54,3.505,1.090,0.500,193392.654,Walker
Nov-07,331,6.24,5.27,2.35,9.67,4.78,12.55,3.529,1.086,0.500,193392.628,Walker
Dec-07,215,-1.67,26.37,2.80,8.13,2.20,8.10,3.067,1.056,12.376,193392.572,Walker
Jan-08,232,-2.92,100.20,3.76,4.85,50.00,15.18,3.532,1.081,0.500,193392.583,Walker
Feb-08,342,0.80,42.19,3.00,6.93,32.12,12.59,3.284,1.086,0.500,34242.750,Walker
Mar-08,557,3.91,0.00,3.33,4.81,1.89,10.04,3.050,1.044,36.865,26868.559,Walker
Apr-08,728,6.85,0.00,3.73,10.40,3.13,9.64,3.415,1.049,0.500,355340.682,Walker
May-08,715,11.65,36.91,3.05,12.02,27.65,9.39,3.586,1.055,0.647,715953.301,Walker
Jun-08,866,18.75,0.00,3.02,16.87,1.41,5.66,3.553,1.061,1.875,168185.106,Walker
Jul-08,797,24.33,0.00,2.48,20.45,3.55,5.76,3.562,1.049,2.870,70811.397,Walker
Aug-08,754,23.84,0.00,2.65,21.50,1.31,5.35,3.033,1.156,8.958,88683.431,Walker
Sep-08,620,18.69,0.00,2.59,17.14,1.83,9.25,3.279,1.067,0.952,120937.811,Walker
Oct-08,444,11.40,0.00,2.84,15.37,0.87,7.42,3.256,1.156,2.856,60049.336,Walker
Nov-08,302,5.93,21.09,2.80,10.41,14.99,11.72,3.529,1.086,0.500,67445.856,Walker
Dec-08,243,-0.04,15.82,2.88,7.08,10.68,14.47,3.470,1.072,0.500,25995.033,Walker
Jan-09,292,1.75,21.09,2.57,5.45,11.83,13.24,3.532,1.081,0.500,54354.394,Walker
Feb-09,360,0.75,10.55,3.41,6.23,10.94,11.66,3.284,1.086,0.500,193392.672,Walker
Mar-09,547,3.49,31.64,3.55,8.31,17.70,13.50,3.256,1.058,0.750,193392.650,Walker
Apr-09,679,7.12,0.00,3.90,10.30,2.14,10.29,3.400,1.067,2.700,193392.614,Walker
May-09,732,15.82,5.27,2.86,14.39,5.11,8.35,3.586,1.055,0.956,75575.553,Walker
Jun-09,700,16.15,31.64,2.52,17.08,19.45,8.01,3.553,1.061,1.031,269131.886,Walker
Jul-09,777,24.05,0.00,2.52,19.92,2.61,6.17,3.562,1.049,1.801,373270.206,Walker
Aug-09,716,21.62,5.27,2.73,21.44,1.37,6.36,3.867,1.100,0.900,396873.115,Walker
Sep-09,617,19.91,0.00,2.62,16.77,2.16,9.32,3.279,1.067,0.525,408801.406,Walker
Oct-09,456,8.47,36.91,3.13,14.12,22.23,11.54,3.505,1.090,0.500,29375.504,Walker
Nov-09,329,4.12,10.55,2.76,10.68,1.43,8.32,3.522,1.100,1.767,193392.567,Walker
Dec-09,207,-1.61,42.19,2.49,7.17,28.44,12.69,3.470,1.072,0.500,44021.429,Walker
Jan-10,224,0.28,42.19,2.74,5.77,28.58,14.68,3.532,1.081,0.500,18859.579,Walker
Feb-10,314,1.34,42.19,2.41,5.18,1.11,9.81,3.538,1.075,2.140,193392.657,Walker
Mar-10,495,3.12,10.55,3.82,8.78,5.77,10.90,3.256,1.058,0.560,193392.580,Walker
Apr-10,636,5.23,36.91,4.00,11.84,22.84,9.52,3.415,1.049,0.500,63985.068,Walker
May-10,735,8.54,0.00,3.68,11.34,1.06,8.53,3.586,1.055,0.665,1090777.536,Walker
Jun-10,802,18.00,0.00,3.16,13.95,13.89,8.70,3.925,1.200,13.900,818721.011,Walker
Jul-10,801,24.08,10.55,2.49,20.60,12.38,10.04,3.562,1.049,2.350,202919.588,Walker
Aug-10,768,21.34,0.00,2.78,21.50,2.03,5.66,3.490,1.000,0.500,247467.167,Walker
Sep-10,653,18.55,0.00,2.59,17.94,1.97,9.80,3.279,1.067,1.004,131563.328,Walker
Oct-10,400,10.73,63.28,2.64,14.52,29.33,10.06,3.505,1.090,0.500,81078.287,Walker
Nov-10,308,2.44,36.91,3.22,10.39,24.69,13.92,3.529,1.086,0.500,193392.626,Walker
Dec-10,211,0.68,89.65,3.21,8.28,3.20,8.42,3.675,1.088,0.620,10562.468,Walker
Jan-11,274,0.70,5.27,2.28,5.95,6.64,12.71,3.532,1.081,0.500,148905.576,Walker
Feb-11,392,-1.60,42.19,3.68,7.49,28.50,13.23,3.284,1.086,0.500,59092.710,Walker
Mar-11,462,2.65,63.28,3.95,9.22,50.00,9.15,3.256,1.058,0.807,101895.988,Walker
Apr-11,668,6.21,5.27,3.77,11.74,6.43,8.30,3.415,1.049,0.704,193392.544,Walker
May-11,716,9.65,10.55,3.68,11.54,2.40,8.54,3.750,1.100,1.033,193392.659,Walker
Jun-11,817,16.18,15.82,3.16,17.37,13.62,8.13,3.553,1.061,1.052,308899.892,Walker
Jul-11,814,22.40,15.82,2.35,20.78,11.28,8.69,3.562,1.049,1.548,193392.663,Walker
Aug-11,759,23.15,0.00,2.17,20.42,3.33,8.77,3.385,1.062,2.122,227465.589,Walker
Sep-11,587,19.64,10.55,2.38,18.14,7.30,9.66,3.279,1.067,0.517,114064.675,Walker
Oct-11,460,11.73,15.82,2.77,14.11,7.42,11.05,3.505,1.090,0.500,193392.643,Walker
Nov-11,311,2.90,0.00,2.98,10.58,1.14,7.97,3.550,1.000,0.500,193392.516,Walker
Dec-11,285,-0.16,0.00,2.51,7.59,1.34,12.17,3.470,1.072,0.500,28993.992,Walker
Apr-16,470,11.49,35.31,4.20,11.50,8.65,11.48,0.379,0.014,7.107,0.000,Washington
May-16,545,13.15,16.00,4.02,12.99,6.57,10.43,0.332,0.012,7.880,0.000,Washington
Jun-16,610,15.04,21.08,3.71,16.08,17.36,9.54,0.298,0.011,4.546,432.642,Washington
Jul-16,565,16.80,18.80,3.58,17.89,4.94,8.74,0.292,0.014,3.913,146.972,Washington
Aug-16,576,17.50,7.11,3.58,18.97,5.17,8.22,0.275,0.012,2.379,552.927,Washington
Sep-16,408,13.73,25.65,3.84,17.03,2.69,8.11,0.274,0.012,1.764,404.116,Washington
Oct-16,177,10.62,297.43,4.11,14.87,4.34,8.73,0.284,0.012,2.096,304.119,Washington
Nov-16,110,8.89,194.06,4.47,11.70,5.95,9.15,0.328,0.013,1.118,1306.362,Washington
Dec-16,94,5.00,116.84,4.92,9.06,4.73,9.90,0.342,0.015,1.175,3351.015,Washington
Jan-17,130,0.56,114.55,4.83,6.36,2.37,10.88,0.333,0.015,1.234,8957.697,Washington
Feb-17,175,3.33,248.41,4.51,5.94,1.13,11.64,0.403,0.015,2.343,4119.985,Washington
Mar-17,226,7.78,234.70,4.38,7.29,1.23,11.93,0.457,0.018,6.026,179.114,Washington
Apr-17,367,13.33,121.92,4.02,9.12,1.78,11.84,0.432,0.019,7.885,0.000,Washington
May-17,555,19.44,69.60,3.84,11.31,1.78,11.29,0.378,0.015,2.618,265.819,Washington
Jun-17,594,23.89,41.40,3.53,15.25,1.60,10.00,0.355,0.014,2.030,211.396,Washington
Jul-17,716,29.44,0.00,3.40,17.31,2.78,9.45,0.310,0.011,3.579,324.887,Washington
Aug-17,594,29.44,0.51,3.40,19.04,3.31,8.63,0.288,0.010,2.158,639.540,Washington
Sep-17,385,22.22,25.40,3.67,17.48,3.70,8.40,0.297,0.011,2.170,194.847,Washington
Oct-17,266,16.11,126.49,3.93,13.54,1.78,8.74,0.291,0.010,2.129,233.930,Washington
Nov-17,95,9.44,252.98,4.29,10.34,3.56,9.36,0.313,0.011,1.226,2700.962,Washington
Dec-17,104,5.56,154.94,4.74,8.50,6.25,9.75,0.352,0.013,1.404,17254.785,Washington
Jan-18,90,1.11,240.03,5.45,7.20,5.95,10.44,0.365,0.011,1.146,13640.130,Washington
Feb-18,194,3.89,54.36,5.05,7.11,5.67,11.14,0.432,0.015,1.625,720.993,Washington
Mar-18,314,8.33,49.53,4.92,7.34,7.72,11.73,0.383,0.015,5.275,1231.018,Washington
Apr-18,377,13.89,151.13,4.56,8.94,4.73,11.47,0.430,0.016,3.743,725.893,Washington
May-18,579,20.00,4.83,4.38,14.21,4.94,10.54,0.376,0.013,1.916,0.000,Washington
Jun-18,554,24.44,19.30,4.07,14.85,2.60,9.83,0.322,0.011,2.319,232.533,Washington
Jul-18,697,26.67,0.00,3.93,18.26,2.60,9.35,0.292,0.012,3.653,192.965,Washington
Aug-18,522,26.67,7.37,3.93,18.20,2.97,8.50,0.286,0.012,2.799,14.356,Washington
Sep-18,398,22.78,26.92,4.20,16.88,4.00,8.62,0.267,0.011,2.369,87.253,Washington
Oct-18,248,16.67,94.74,4.47,14.21,4.34,8.66,0.270,0.011,2.946,3115.475,Washington
Nov-18,136,10.00,143.76,4.83,11.66,3.43,9.18,0.293,0.012,1.736,3521.424,Washington
Dec-18,88,6.11,216.15,5.27,9.27,4.00,9.54,0.319,0.012,2.058,44929.997,Washington
Jan-19,121,1.67,108.20,5.10,7.92,1.52,10.47,0.321,0.015,1.271,6941.987,Washington
Feb-19,179,4.44,112.78,4.74,6.16,2.60,11.05,0.331,0.013,1.739,4519.269,Washington
Mar-19,378,8.89,41.91,4.60,7.25,2.60,12.02,0.321,0.015,8.096,2001.832,Washington
Apr-19,401,14.44,71.12,4.25,9.54,2.16,11.44,0.341,0.018,4.741,43.499,Washington
May-19,555,20.56,16.76,4.07,13.84,2.44,10.39,0.312,0.010,2.861,530.814,Washington
Jun-19,612,25.00,4.32,3.76,15.76,2.44,9.55,0.295,0.014,2.628,23.932,Washington
Jul-19,548,27.22,25.65,3.62,17.05,2.16,9.04,0.266,0.014,4.579,176.737,Washington
Aug-19,521,27.22,28.45,3.62,18.49,1.29,8.45,0.249,0.013,2.913,80.543,Washington
Sep-19,326,23.33,67.56,3.89,17.56,2.78,8.17,0.182,0.013,1.831,0.000,Washington
Oct-19,254,17.22,100.08,4.16,12.97,2.78,8.91,0.247,0.013,2.236,2236.504,Washington
Nov-19,158,10.56,43.94,4.51,10.74,1.93,9.30,0.243,0.014,1.932,5888.869,Washington
Dec-19,70,6.67,204.72,4.96,8.51,4.00,9.56,0.259,0.014,1.364,812.721,Washington
Jan-20,84,2.22,309.12,4.87,7.21,4.34,10.66,0.324,0.016,0.921,325.578,Washington
Feb-20,200,5.00,97.79,4.56,7.08,2.69,11.22,0.392,0.030,1.214,800.189,Washington
Mar-20,324,9.44,79.76,4.43,7.48,9.77,11.53,0.386,0.016,2.450,426.395,Washington
Apr-20,479,18.00,38.61,4.00,13.93,2.04,9.85,0.302,0.014,3.355,125.767,Washington
May-20,520,18.18,66.29,4.03,13.98,2.97,10.06,0.316,0.014,3.582,104.398,Washington
Jun-20,561,25.56,39.37,3.53,14.91,2.04,9.70,0.274,0.015,3.436,95.574,Washington
Jul-20,624,27.78,3.05,3.44,17.42,3.19,8.99,0.264,0.014,4.032,70.633,Washington
Aug-20,592,27.78,8.38,3.44,18.72,2.37,8.37,0.257,0.013,2.448,520.077,Washington
Sep-20,373,23.89,72.64,3.71,17.35,4.00,8.35,0.252,0.014,2.700,539.784,Washington
Oct-20,248,17.78,74.68,3.98,14.02,3.84,8.58,0.262,0.015,2.312,145.923,Washington
Nov-20,121,11.11,130.05,4.34,10.92,1.64,9.34,0.271,0.012,2.057,4972.945,Washington
Dec-20,93,7.22,206.76,4.78,8.89,2.04,9.78,0.275,0.012,2.402,19713.278,Washington
Jan-21,108,2.78,267.97,5.19,8.10,2.52,10.48,0.319,0.015,1.646,743.670,Washington
Feb-21,176,5.56,124.21,4.83,7.57,2.23,10.91,0.331,0.021,1.539,518.971,Washington
Mar-21,331,10.00,77.98,4.69,7.52,2.87,11.34,0.337,0.018,3.718,596.319,Washington
Apr-21,529,15.56,25.15,4.34,9.71,2.78,11.52,0.290,0.014,5.361,765.216,Washington
May-21,564,21.67,20.57,4.16,12.48,2.04,10.59,0.301,0.017,6.371,18.553,Washington
Jun-21,679,26.11,63.75,3.80,17.25,2.16,9.40,0.259,0.011,3.310,165.890,Washington
Jul-21,686,28.33,0.25,3.71,18.74,1.04,8.52,0.269,0.014,2.872,187.349,Washington
Aug-21,529,16.70,0.00,3.71,19.30,2.60,8.01,0.240,0.013,2.292,98.040,Washington
Sep-21,383,13.99,90.93,3.98,17.25,3.19,8.27,0.222,0.014,2.084,799.870,Washington
Oct-21,214,9.11,128.27,4.25,13.54,1.64,8.56,0.239,0.015,1.670,808.522,Washington
Nov-21,100,6.61,315.72,4.60,10.52,2.52,9.41,0.280,0.015,1.402,552.834,Washington
Dec-21,84,2.20,153.42,5.05,9.07,6.25,10.50,0.299,0.014,1.092,3641.970,Washington
Jan-22,117,3.28,226.82,4.96,6.56,5.67,11.06,0.337,0.021,1.325,3562.985,Washington
Feb-22,203,3.66,143.51,4.60,7.27,3.31,11.36,0.392,0.020,2.843,1069.443,Washington
Mar-22,291,6.05,76.45,4.47,7.98,3.70,11.56,0.404,0.019,6.040,350.779,Washington
Apr-22,416,6.42,90.68,4.11,9.50,3.56,11.65,0.356,0.017,5.596,28.307,Washington
May-22,455,9.53,97.54,3.93,10.93,2.97,10.94,0.323,0.019,3.635,0.000,Washington
Jun-22,525,13.79,82.80,3.58,14.52,1.56,9.84,0.344,0.017,3.207,8.182,Washington
Jul-22,659,17.14,7.87,3.49,17.54,2.78,9.20,0.301,0.015,3.581,7.736,Washington
Aug-22,598,18.00,11.18,3.49,19.15,4.53,8.41,0.257,0.012,2.063,0.000,Washington
Sep-22,444,15.08,0.51,3.76,17.61,6.25,8.34,0.251,0.012,1.581,8.104,Washington
Oct-22,283,10.36,57.91,4.02,15.64,3.08,8.20,0.239,0.018,1.774,0.000,Washington
Nov-22,148,3.61,98.30,4.38,10.46,2.04,9.18,0.272,0.012,1.821,822.204,Washington
Dec-22,82,2.26,242.32,4.83,8.04,2.69,10.02,0.267,0.012,1.457,538.963,Washington
Jan-23,104,4.12,73.15,4.87,7.23,2.10,10.68,0.302,0.013,0.905,9213.153,Washington
Feb-23,190,3.01,68.83,4.56,7.25,3.48,11.33,0.328,0.015,1.575,3521.728,Washington
Mar-23,328,4.86,56.64,4.43,7.20,2.52,11.74,0.328,0.016,4.021,378.852,Washington
Apr-23,440,7.12,30.99,4.07,8.80,1.60,11.61,0.340,0.017,6.196,0.000,Washington
May-23,535,13.83,27.43,3.89,11.49,1.56,11.28,0.304,0.016,4.592,23.664,Washington
May-17,551,11.63,84.38,5.09,16.57,50.00,12.24,0.559,0.084,42.235,1848.873,Winnebago
Jun-17,618,18.83,147.66,4.97,21.67,50.00,10.02,0.561,0.087,12.971,152139.548,Winnebago
Jul-17,649,21.01,89.65,3.84,24.50,50.00,9.81,1.187,0.093,24.028,379511.686,Winnebago
Aug-17,497,19.30,89.65,4.38,25.21,50.00,10.28,0.732,0.085,20.684,1146336.969,Winnebago
Sep-17,455,17.87,42.19,4.47,20.49,42.62,6.73,1.052,0.099,3.897,1442947.882,Winnebago
Oct-17,260,11.65,79.10,5.75,17.35,50.00,10.34,0.222,0.119,0.873,763301.503,Winnebago
Nov-17,181,1.26,26.37,5.80,14.65,19.75,13.31,0.928,0.094,1.054,39809.940,Winnebago
Dec-17,122,-6.41,15.82,6.13,5.45,17.81,15.01,0.560,0.081,0.500,163742.786,Winnebago
Jan-18,182,-7.88,31.64,6.43,0.00,28.85,14.22,0.560,0.080,1.074,27755.343,Winnebago
Feb-18,283,-6.83,42.19,6.05,0.00,50.00,15.99,0.560,0.080,2.110,200.580,Winnebago
Mar-18,418,-0.21,21.09,5.49,0.00,27.88,14.14,0.591,0.080,2.207,409.899,Winnebago
Apr-18,500,1.64,89.65,5.62,4.99,50.00,10.94,0.549,0.079,7.160,2384.202,Winnebago
May-18,596,15.28,121.29,4.44,17.75,50.00,8.85,0.613,0.077,12.487,467.589,Winnebago
Jun-18,608,18.52,89.65,4.80,21.28,13.79,10.29,0.359,0.089,8.665,66353.008,Winnebago
Jul-18,645,22.79,79.10,4.17,25.60,13.65,7.58,1.340,0.084,6.173,528716.213,Winnebago
Aug-18,468,22.51,189.84,3.91,24.79,13.71,8.58,0.456,0.104,7.219,334586.019,Winnebago
Sep-18,402,17.19,100.20,4.54,21.92,13.56,9.35,1.244,0.099,4.350,866917.192,Winnebago
Oct-18,230,8.12,121.29,5.57,14.04,13.80,10.16,0.090,0.122,8.934,16415.173,Winnebago
Nov-18,161,-1.04,36.91,5.38,9.22,32.71,14.47,0.928,0.094,0.500,6993.795,Winnebago
Dec-18,122,-3.26,52.73,5.09,2.51,43.82,16.00,0.560,0.081,0.933,4325.753,Winnebago
Jan-19,157,-9.99,47.46,6.20,0.00,50.00,15.32,0.560,0.080,5.753,1377.897,Winnebago
Feb-19,216,-8.11,63.28,6.27,0.00,50.00,15.23,0.560,0.080,3.739,20480.408,Winnebago
Mar-19,431,-2.66,31.64,5.65,0.00,43.79,15.00,0.591,0.080,3.954,226.468,Winnebago
Apr-19,402,5.62,89.65,5.55,6.53,50.00,12.43,0.549,0.079,5.347,613.208,Winnebago
May-19,504,10.41,110.74,4.95,13.18,50.00,8.28,0.613,0.077,4.521,221.850,Winnebago
Jun-19,582,16.63,100.20,4.20,23.52,50.00,7.16,0.563,0.082,29.014,24779.919,Winnebago
Jul-19,637,22.35,89.65,4.12,25.75,13.55,8.95,1.511,0.094,4.171,900134.968,Winnebago
Aug-19,531,20.37,89.65,4.03,20.10,13.37,9.45,1.820,0.108,0.885,1509559.849,Winnebago
Sep-19,340,17.98,142.38,5.12,20.59,13.67,9.31,0.329,0.112,6.417,483340.352,Winnebago
Oct-19,251,8.18,131.84,6.01,17.53,50.00,9.54,0.222,0.119,0.976,106578.331,Winnebago
Nov-19,157,-1.13,47.46,5.33,12.19,32.89,11.09,0.928,0.094,0.500,8237.704,Winnebago
Dec-19,118,-3.33,63.28,5.62,2.95,43.15,16.00,0.560,0.081,1.073,6363.599,Winnebago
Jan-20,125,-4.70,42.19,5.75,0.00,32.18,16.00,0.560,0.080,0.619,3860.178,Winnebago
Feb-20,326,-7.33,15.82,6.09,0.00,24.89,15.51,0.560,0.080,2.224,12877.474,Winnebago
Mar-20,329,1.33,94.92,5.86,0.00,50.00,15.80,0.591,0.080,3.572,789.687,Winnebago
Apr-20,474,4.41,52.73,5.52,7.79,36.35,11.33,0.549,0.079,5.450,399.369,Winnebago
May-20,588,11.52,131.84,4.96,14.87,50.00,7.77,0.613,0.077,5.629,306.448,Winnebago
Jun-20,661,18.87,121.29,4.54,21.50,16.40,10.15,0.502,0.085,7.100,16809.048,Winnebago
Jul-20,656,23.18,94.92,3.90,21.93,14.80,9.35,1.250,0.099,4.315,873431.313,Winnebago
Aug-20,544,21.84,79.10,4.13,21.52,13.79,10.11,0.539,0.086,10.700,59586.780,Winnebago
Sep-20,374,15.76,63.28,5.25,21.62,12.60,9.92,0.718,0.089,8.500,264998.539,Winnebago
Oct-20,268,6.60,94.92,5.48,21.64,11.00,9.88,0.754,0.090,6.300,306349.788,Winnebago
Nov-20,200,4.42,47.46,6.22,12.10,31.91,12.98,0.928,0.094,0.593,263760.294,Winnebago
Dec-20,125,-2.69,15.82,5.46,4.34,20.90,16.00,0.560,0.081,0.823,41197.997,Winnebago
Jan-21,146,-5.35,31.64,4.86,1.66,31.64,15.63,0.560,0.080,1.161,28634.052,Winnebago
Feb-21,321,-10.92,21.09,5.59,0.00,21.52,16.00,0.560,0.080,2.181,68344.098,Winnebago
Mar-21,402,2.65,36.91,6.36,0.52,39.18,11.25,0.591,0.080,2.582,1253.518,Winnebago
Apr-21,478,7.52,41.50,4.80,10.18,50.00,11.24,0.549,0.079,5.050,876.719,Winnebago
May-21,536,13.41,81.57,4.73,14.75,50.00,8.66,0.613,0.077,5.839,345.249,Winnebago
Jun-21,645,21.30,117.76,4.34,22.44,13.80,10.14,0.817,0.044,8.897,23452.209,Winnebago
Jul-21,612,21.47,131.66,4.16,22.43,13.77,10.15,0.993,0.070,8.282,137540.468,Winnebago
Aug-21,518,22.27,175.31,3.82,23.52,13.68,9.33,0.956,0.091,6.770,417934.360,Winnebago
Sep-21,443,17.11,37.39,4.71,20.58,13.53,9.30,0.998,0.126,3.836,962124.472,Winnebago
Oct-21,250,13.17,54.61,4.45,17.94,39.08,10.46,0.222,0.119,4.213,43186.402,Winnebago
Nov-21,183,2.02,17.96,5.85,9.40,26.61,13.29,0.928,0.094,0.700,834.204,Winnebago
Dec-21,124,-2.09,43.40,6.07,3.41,45.12,12.91,0.560,0.081,0.727,2243.017,Winnebago
Jan-22,190,-10.45,10.46,6.37,0.00,19.63,16.00,0.560,0.080,0.905,2397.750,Winnebago
Feb-22,300,-7.28,14.89,6.88,0.00,20.17,16.00,0.560,0.080,2.222,5283.172,Winnebago
Mar-22,352,-0.35,124.33,6.17,0.56,50.00,16.00,0.591,0.080,1.657,511.443,Winnebago
Apr-22,410,4.33,87.65,6.20,7.01,50.00,10.50,0.549,0.079,2.907,691.067,Winnebago
May-22,525,13.86,79.58,5.01,17.17,13.80,8.36,0.559,0.051,9.018,891.098,Winnebago
Jun-22,643,18.82,108.80,4.84,21.55,13.77,10.06,0.585,0.087,8.421,111710.680,Winnebago
Jul-22,633,22.00,101.38,4.41,24.36,13.73,9.74,0.777,0.100,7.623,259767.460,Winnebago
Aug-22,515,21.44,105.59,4.10,22.75,13.67,10.98,0.893,0.126,6.494,469203.480,Winnebago
Sep-22,420,17.18,99.35,4.65,20.44,13.60,12.61,1.150,0.101,5.134,721423.792,Winnebago
Oct-22,304,9.27,32.40,5.25,17.36,33.67,9.92,0.222,0.119,1.475,25850.442,Winnebago
Nov-22,178,3.01,73.66,6.17,10.20,50.00,12.38,0.928,0.094,0.500,4424.985,Winnebago
Dec-22,118,-5.41,43.01,6.40,3.47,35.63,16.00,0.560,0.081,0.963,5647.442,Winnebago
